total_meta_score,publication_01,publication_02,publication_03,publication_04,publication_05,publication_06,publication_07,publication_08,publication_09,publication_10,publication_11,publication_12,publication_13,publication_14,publication_15,publication_16,publication_17,publication_18,publication_19,publication_20,publication_21,publication_22,publication_24,publication_25,publication_26,publication_27,publication_28,publication_29,publication_30,publication_31,publication_32,publication_33,publication_34,publication_35,publication_36,publication_37,publication_38,publication_39,publication_40,publication_41,publication_42,publication_43,publication_44,publication_45,publication_46,publication_47,publication_48,publication_49,publication_50,publication_51,publication_52,publication_53,publication_54,publication_55,publication_56,publication_57,publication_58,publication_59,publication_60,publication_61,publication_62,publication_63,publication_64,publication_65,publication_66,publication_67,publication_68,publication_69,publication_70,publication_71,publication_72,publication_73,publication_74,publication_75,publication_76,publication_77,publication_78,publication_79,publication_80,publication_81,publication_82,publication_83,publication_84,publication_85,publication_86,publication_87,publication_88,publication_89,publication_90,publication_91,publication_92,publication_93,Sputnikmusic
69,NA,NA,NA,NA,NA,NA,NA,NA,NA,NA,NA,NA,NA,NA,NA,70,60,NA,NA,NA,NA,NA,NA,40,NA,NA,NA,NA,NA,NA,NA,NA,50,NA,NA,NA,90,NA,NA,NA,70,NA,NA,NA,NA,NA,NA,NA,NA,NA,66,52,NA,NA,NA,NA,NA,NA,NA,91,NA,NA,NA,NA,NA,NA,NA,60,NA,78,NA,NA,NA,NA,NA,90,NA,NA,NA,NA,NA,NA,NA,NA,NA,NA,NA,NA,NA,NA,70,70,80
83,NA,NA,NA,NA,NA,NA,91,NA,NA,NA,80,NA,NA,NA,NA,70,80,NA,NA,NA,75,NA,NA,NA,NA,NA,80,NA,NA,NA,60,NA,80,80,70,NA,90,NA,NA,NA,NA,NA,NA,NA,NA,NA,NA,NA,NA,100,88,70,NA,NA,60,NA,NA,NA,70,91,NA,NA,NA,80,NA,NA,70,50,NA,79,NA,NA,NA,NA,90,90,NA,NA,80,NA,85,NA,NA,90,70,NA,NA,NA,NA,NA,60,85,80
82,NA,80,NA,NA,NA,NA,NA,80,83,NA,NA,NA,NA,NA,NA,NA,NA,NA,NA,NA,NA,NA,80,NA,NA,NA,NA,88,NA,NA,NA,NA,90,NA,60,65,80,NA,90,NA,NA,60,NA,NA,83,75,NA,NA,NA,NA,NA,84,NA,90,60,NA,NA,80,60,91,NA,80,NA,78,NA,NA,NA,80,NA,NA,100,NA,90,NA,NA,80,NA,NA,NA,NA,NA,80,NA,NA,NA,NA,NA,80,NA,80,NA,NA,54
62,NA,60,NA,NA,NA,NA,NA,NA,NA,NA,40,NA,NA,NA,NA,NA,60,NA,NA,NA,NA,NA,NA,NA,NA,NA,NA,NA,NA,NA,NA,NA,50,NA,NA,NA,70,NA,NA,80,NA,NA,NA,NA,NA,NA,NA,NA,NA,NA,NA,NA,NA,NA,60,NA,NA,NA,80,NA,NA,NA,NA,NA,NA,NA,NA,NA,NA,NA,40,NA,20,NA,NA,50,NA,NA,NA,40,NA,70,NA,NA,NA,NA,NA,NA,NA,NA,NA,NA,66
88,NA,80,89,NA,NA,NA,100,NA,100,NA,90,NA,NA,60,NA,NA,80,75,NA,NA,NA,NA,80,NA,NA,78,90,NA,NA,NA,70,NA,90,NA,60,95,80,NA,80,NA,NA,NA,80,NA,91,NA,90,80,NA,NA,NA,91,NA,90,80,40,NA,80,80,75,NA,90,NA,92,NA,NA,90,90,NA,NA,100,NA,80,NA,NA,80,NA,NA,NA,100,NA,80,NA,NA,100,NA,NA,80,NA,90,90,NA,85
69,NA,NA,NA,NA,NA,NA,NA,NA,NA,NA,NA,NA,NA,NA,NA,60,NA,NA,NA,NA,NA,NA,70,60,NA,NA,60,NA,NA,NA,NA,NA,70,NA,60,NA,70,NA,NA,NA,NA,NA,NA,NA,NA,NA,NA,NA,NA,NA,76,79,73,NA,NA,NA,NA,NA,NA,NA,NA,50,NA,NA,NA,NA,NA,NA,NA,NA,NA,NA,NA,NA,NA,NA,NA,NA,NA,NA,NA,NA,NA,NA,60,NA,NA,NA,NA,NA,50,80,70
87,NA,NA,NA,NA,NA,NA,NA,NA,NA,NA,NA,NA,NA,NA,NA,NA,NA,NA,NA,NA,NA,NA,NA,NA,NA,NA,NA,NA,NA,NA,NA,NA,90,NA,NA,NA,90,NA,NA,NA,NA,NA,NA,80,NA,NA,NA,NA,NA,NA,NA,NA,NA,NA,NA,NA,NA,NA,NA,83,NA,NA,NA,NA,NA,NA,NA,80,NA,NA,NA,NA,NA,NA,NA,NA,NA,NA,NA,NA,NA,NA,70,80,NA,NA,NA,NA,NA,NA,NA,85,70
79,NA,NA,NA,NA,NA,NA,NA,NA,NA,NA,NA,NA,NA,NA,NA,80,NA,NA,NA,NA,NA,NA,NA,NA,NA,NA,NA,NA,NA,NA,NA,NA,70,NA,NA,NA,80,NA,NA,NA,NA,70,NA,70,NA,85,NA,NA,NA,NA,NA,75,NA,NA,NA,NA,NA,NA,NA,NA,NA,NA,NA,NA,NA,NA,NA,70,NA,83,NA,NA,NA,NA,NA,NA,NA,NA,NA,NA,NA,NA,NA,NA,NA,NA,NA,NA,NA,NA,NA,90,80
79,NA,NA,NA,NA,NA,NA,NA,NA,NA,NA,90,NA,80,NA,NA,70,NA,NA,NA,80,NA,NA,NA,NA,NA,NA,NA,NA,NA,NA,70,NA,70,NA,NA,NA,80,NA,NA,NA,83,NA,NA,NA,NA,NA,NA,NA,NA,NA,NA,83,NA,NA,60,NA,NA,NA,60,NA,91,NA,NA,NA,NA,NA,NA,80,NA,75,NA,NA,NA,NA,NA,80,NA,NA,NA,NA,90,NA,NA,NA,NA,NA,NA,80,NA,NA,80,NA,70
73,NA,NA,NA,NA,NA,NA,NA,NA,NA,NA,90,NA,NA,NA,NA,70,60,NA,NA,NA,NA,NA,NA,NA,NA,NA,NA,NA,NA,NA,50,NA,60,NA,NA,NA,70,NA,NA,NA,NA,NA,NA,NA,NA,NA,NA,NA,NA,NA,NA,75,NA,NA,NA,NA,NA,NA,80,58,NA,80,NA,NA,NA,NA,80,NA,NA,79,NA,NA,NA,NA,NA,NA,NA,NA,NA,NA,NA,NA,80,NA,NA,NA,NA,NA,NA,NA,NA,70,80
88,NA,NA,NA,NA,NA,NA,NA,NA,NA,NA,NA,NA,NA,NA,NA,NA,NA,88,NA,NA,NA,NA,80,80,NA,NA,NA,NA,93,NA,90,NA,80,NA,NA,NA,80,NA,NA,NA,NA,NA,NA,NA,90,NA,NA,NA,NA,NA,NA,86,NA,NA,NA,NA,NA,NA,80,83,NA,NA,NA,NA,NA,NA,NA,80,NA,NA,NA,NA,NA,100,NA,80,NA,NA,NA,NA,NA,60,80,NA,90,NA,NA,NA,NA,NA,NA,85,90
47,NA,NA,NA,NA,NA,70,58,NA,NA,NA,NA,NA,NA,NA,NA,NA,NA,NA,NA,NA,NA,NA,NA,NA,NA,NA,NA,NA,NA,NA,NA,NA,NA,NA,NA,NA,50,NA,NA,NA,NA,NA,NA,NA,NA,NA,NA,NA,NA,NA,NA,NA,NA,NA,NA,NA,NA,NA,40,NA,NA,NA,NA,NA,NA,NA,NA,NA,NA,NA,NA,NA,NA,NA,NA,NA,NA,NA,NA,NA,NA,NA,NA,NA,NA,NA,NA,NA,NA,40,NA,NA,50
78,NA,NA,NA,NA,NA,NA,NA,NA,NA,NA,NA,NA,NA,NA,NA,NA,NA,NA,NA,NA,NA,NA,NA,80,NA,NA,NA,NA,85,NA,NA,NA,NA,NA,NA,NA,70,NA,NA,NA,NA,NA,NA,NA,NA,NA,NA,NA,NA,NA,NA,NA,NA,NA,NA,NA,NA,NA,NA,NA,NA,NA,NA,NA,NA,NA,NA,NA,NA,NA,NA,NA,NA,NA,NA,NA,NA,NA,NA,NA,NA,NA,NA,NA,NA,NA,NA,NA,NA,NA,NA,NA,64
66,NA,NA,NA,NA,NA,NA,NA,NA,NA,NA,NA,NA,NA,70,NA,NA,60,NA,NA,NA,NA,NA,NA,NA,NA,NA,NA,NA,NA,NA,NA,NA,60,NA,NA,NA,80,NA,NA,NA,NA,NA,NA,NA,NA,NA,NA,NA,NA,NA,NA,NA,NA,NA,NA,NA,NA,NA,80,NA,NA,NA,NA,NA,NA,NA,NA,NA,NA,NA,NA,NA,NA,NA,NA,70,NA,NA,NA,NA,NA,10,70,NA,NA,NA,80,NA,NA,NA,NA,NA,90
64,NA,NA,NA,NA,NA,NA,NA,NA,NA,NA,80,NA,NA,NA,NA,NA,NA,NA,NA,NA,NA,70,NA,80,NA,NA,80,NA,NA,NA,NA,NA,40,NA,NA,NA,80,NA,NA,NA,NA,NA,NA,70,40,NA,NA,NA,NA,NA,NA,NA,NA,NA,40,NA,NA,NA,40,NA,NA,NA,NA,59,NA,NA,NA,NA,NA,NA,NA,NA,NA,NA,NA,60,NA,NA,NA,80,NA,70,80,NA,NA,NA,NA,NA,NA,70,NA,50,70
80,NA,NA,NA,80,NA,NA,NA,NA,NA,NA,NA,NA,NA,NA,NA,80,80,NA,80,NA,NA,NA,NA,70,NA,NA,70,NA,NA,NA,70,NA,70,70,NA,NA,90,NA,NA,NA,70,NA,NA,NA,NA,NA,NA,NA,NA,NA,NA,83,NA,NA,NA,NA,NA,NA,NA,91,NA,80,NA,100,NA,NA,80,60,NA,64,NA,NA,NA,NA,NA,80,NA,NA,80,NA,NA,NA,NA,NA,70,NA,NA,NA,NA,60,80,NA,90
73,NA,60,NA,NA,NA,NA,83,NA,NA,NA,NA,NA,NA,NA,NA,NA,60,NA,NA,NA,NA,60,NA,NA,NA,NA,NA,NA,NA,NA,NA,NA,70,NA,NA,NA,80,NA,NA,80,NA,NA,NA,NA,70,NA,NA,NA,NA,NA,NA,NA,72,NA,80,NA,NA,NA,80,NA,NA,NA,NA,76,NA,NA,60,NA,NA,NA,NA,NA,60,NA,NA,60,NA,NA,NA,80,NA,NA,60,NA,50,NA,NA,NA,NA,NA,NA,NA,50
66,NA,NA,67,80,NA,NA,75,NA,NA,NA,NA,NA,70,NA,NA,NA,60,NA,NA,80,NA,NA,NA,NA,NA,NA,NA,NA,NA,NA,NA,90,NA,80,20,NA,70,NA,NA,NA,NA,NA,NA,NA,NA,NA,NA,NA,NA,NA,NA,NA,NA,NA,40,NA,NA,NA,40,NA,NA,80,NA,70,NA,NA,40,80,NA,NA,NA,NA,NA,NA,NA,NA,NA,NA,70,NA,NA,60,NA,NA,NA,60,NA,80,NA,60,NA,NA,60
76,NA,60,NA,NA,NA,NA,83,NA,NA,50,80,NA,NA,NA,NA,NA,60,NA,NA,NA,88,NA,NA,80,NA,NA,NA,NA,NA,NA,40,NA,90,NA,60,NA,70,NA,100,70,NA,NA,NA,NA,80,NA,60,40,NA,NA,82,65,79,NA,80,80,NA,NA,80,75,NA,50,NA,82,NA,NA,80,70,NA,61,100,NA,80,NA,NA,60,NA,NA,80,NA,NA,80,80,NA,NA,NA,NA,NA,NA,70,60,60,70
71,NA,NA,NA,NA,NA,NA,NA,NA,NA,NA,90,NA,NA,NA,NA,NA,60,NA,NA,NA,NA,NA,NA,NA,NA,NA,NA,NA,NA,NA,NA,NA,80,NA,NA,NA,NA,NA,NA,NA,NA,70,NA,NA,NA,NA,NA,NA,NA,NA,NA,65,NA,NA,NA,NA,NA,80,NA,NA,NA,NA,NA,NA,NA,NA,80,NA,NA,NA,NA,NA,NA,40,NA,80,NA,NA,NA,NA,NA,NA,NA,NA,NA,NA,NA,NA,NA,NA,NA,NA,82
82,NA,NA,NA,NA,NA,NA,NA,NA,NA,NA,NA,NA,NA,NA,NA,NA,NA,NA,NA,NA,NA,NA,90,NA,NA,NA,NA,NA,NA,NA,NA,NA,NA,NA,NA,NA,NA,NA,NA,NA,NA,NA,NA,NA,75,NA,NA,NA,NA,NA,NA,77,NA,NA,NA,NA,NA,NA,NA,NA,NA,NA,NA,NA,NA,NA,NA,NA,NA,NA,NA,NA,NA,80,NA,NA,NA,NA,NA,NA,NA,NA,NA,NA,NA,NA,NA,NA,NA,NA,NA,NA,74
71,70,60,NA,NA,NA,NA,NA,NA,NA,NA,NA,NA,NA,NA,NA,NA,NA,NA,NA,NA,NA,NA,70,NA,NA,NA,NA,NA,NA,NA,NA,NA,80,NA,NA,NA,70,NA,NA,NA,NA,NA,NA,NA,83,NA,NA,60,NA,NA,NA,70,NA,NA,80,NA,NA,NA,60,NA,NA,50,NA,86,NA,NA,70,NA,NA,NA,NA,NA,40,NA,NA,NA,NA,NA,NA,NA,NA,NA,NA,NA,NA,NA,NA,NA,NA,NA,55,NA,70
59,NA,NA,NA,NA,NA,NA,NA,NA,NA,NA,60,NA,NA,NA,NA,NA,60,NA,NA,NA,NA,40,60,NA,NA,NA,NA,NA,NA,NA,NA,NA,40,NA,60,NA,80,NA,NA,40,NA,NA,NA,NA,NA,NA,NA,60,NA,NA,NA,58,NA,NA,60,50,NA,NA,60,NA,NA,NA,NA,48,NA,NA,70,NA,NA,NA,NA,NA,80,NA,NA,0,NA,NA,NA,60,NA,70,NA,NA,NA,NA,NA,NA,NA,NA,NA,NA,30
62,NA,40,40,NA,NA,NA,83,NA,NA,NA,50,NA,NA,NA,NA,NA,40,NA,NA,NA,NA,80,NA,80,NA,NA,NA,NA,NA,NA,NA,NA,NA,NA,NA,NA,60,NA,NA,NA,NA,NA,NA,NA,60,NA,NA,NA,NA,NA,NA,NA,NA,NA,60,NA,NA,NA,60,NA,NA,NA,NA,83,NA,NA,NA,NA,NA,NA,NA,NA,60,NA,NA,NA,NA,NA,NA,NA,NA,80,80,NA,20,NA,NA,NA,NA,NA,60,NA,70
77,NA,NA,NA,NA,NA,NA,NA,NA,NA,NA,NA,NA,NA,NA,NA,NA,80,NA,NA,NA,NA,NA,NA,NA,NA,NA,NA,NA,NA,NA,NA,NA,NA,NA,NA,NA,80,NA,NA,NA,NA,NA,NA,NA,NA,NA,NA,NA,NA,NA,NA,NA,NA,NA,NA,70,NA,NA,60,NA,NA,NA,NA,NA,NA,NA,NA,NA,NA,NA,NA,NA,NA,NA,NA,NA,NA,NA,NA,NA,NA,NA,NA,NA,NA,NA,NA,NA,NA,NA,NA,NA,84
71,NA,NA,NA,NA,NA,NA,NA,NA,NA,NA,NA,NA,NA,NA,NA,NA,NA,NA,NA,NA,NA,NA,NA,80,NA,NA,NA,NA,NA,NA,NA,NA,60,NA,NA,NA,70,NA,NA,NA,NA,NA,NA,NA,NA,NA,NA,NA,NA,NA,NA,NA,NA,NA,NA,NA,80,NA,NA,NA,NA,NA,NA,NA,NA,NA,NA,NA,NA,NA,NA,NA,NA,NA,NA,NA,NA,NA,NA,NA,NA,NA,80,NA,NA,NA,NA,NA,NA,NA,NA,NA,40
84,NA,80,NA,NA,NA,NA,NA,NA,58,NA,70,NA,NA,NA,NA,80,80,NA,NA,NA,NA,NA,80,NA,NA,NA,NA,NA,NA,NA,90,NA,80,NA,NA,90,80,NA,NA,NA,NA,80,80,NA,83,NA,NA,NA,NA,NA,NA,83,NA,85,NA,80,NA,80,NA,NA,NA,80,NA,NA,NA,NA,80,NA,NA,NA,NA,NA,NA,NA,NA,90,NA,NA,NA,80,NA,NA,NA,NA,NA,NA,NA,NA,NA,NA,80,NA,80
77,NA,NA,NA,NA,NA,NA,NA,NA,NA,NA,NA,NA,NA,NA,NA,NA,NA,NA,NA,NA,NA,NA,70,80,NA,NA,NA,NA,NA,NA,NA,NA,70,NA,NA,NA,NA,NA,NA,NA,NA,NA,NA,NA,70,NA,NA,NA,NA,NA,NA,76,NA,NA,NA,NA,NA,NA,NA,NA,NA,NA,NA,NA,NA,NA,NA,NA,NA,NA,NA,NA,NA,NA,NA,NA,NA,NA,NA,NA,NA,NA,NA,NA,NA,NA,NA,NA,NA,NA,NA,NA,74
86,NA,NA,78,NA,NA,NA,91,NA,NA,90,80,NA,NA,NA,NA,NA,80,63,90,NA,100,NA,NA,80,NA,NA,NA,NA,100,NA,80,NA,60,90,100,NA,50,NA,75,90,NA,NA,NA,90,90,NA,80,NA,NA,NA,NA,95,87,NA,100,NA,NA,NA,80,91,NA,80,NA,90,NA,NA,100,80,NA,81.5,NA,NA,80,NA,NA,80,NA,NA,90,NA,NA,70,90,90,80,NA,NA,NA,NA,70,80,80,65
80,NA,NA,NA,NA,NA,NA,NA,NA,NA,NA,80,NA,NA,NA,NA,NA,NA,NA,NA,NA,NA,NA,80,NA,NA,NA,NA,NA,NA,NA,NA,NA,70,NA,NA,NA,NA,NA,NA,NA,NA,NA,NA,NA,NA,NA,NA,NA,NA,NA,NA,NA,NA,NA,NA,NA,NA,NA,NA,NA,NA,NA,NA,NA,NA,NA,NA,NA,NA,NA,NA,NA,NA,80,NA,NA,NA,NA,NA,NA,NA,NA,NA,NA,90,NA,NA,NA,NA,NA,NA,NA,70
67,NA,NA,NA,NA,NA,NA,NA,NA,NA,NA,NA,NA,NA,NA,NA,NA,60,NA,NA,NA,NA,NA,NA,70,NA,NA,NA,NA,NA,NA,NA,NA,60,NA,40,NA,70,NA,NA,NA,NA,NA,NA,NA,NA,NA,NA,NA,NA,NA,NA,50,NA,NA,NA,NA,NA,NA,NA,83,NA,NA,NA,NA,NA,NA,80,60,NA,NA,NA,NA,NA,NA,NA,NA,NA,NA,NA,NA,60,NA,NA,NA,NA,80,NA,NA,NA,50,NA,NA,70
84,NA,NA,NA,NA,91,NA,NA,NA,NA,90,80,NA,NA,NA,80,80,80,88,NA,NA,63,NA,80,70,NA,NA,70,80,NA,NA,80,NA,NA,NA,80,NA,80,NA,100,NA,NA,70,NA,80,80,85,NA,NA,NA,NA,88,85,85,NA,80,70,NA,NA,80,100,NA,NA,NA,72,NA,NA,70,NA,NA,86,NA,NA,80,NA,NA,80,NA,NA,90,NA,NA,NA,90,NA,80,NA,NA,NA,NA,70,70,85,100
50,NA,NA,NA,NA,NA,NA,50,NA,NA,NA,NA,NA,NA,NA,NA,NA,60,NA,NA,NA,NA,NA,NA,80,NA,NA,NA,NA,NA,NA,NA,NA,NA,NA,40,NA,60,NA,NA,NA,NA,NA,NA,NA,NA,NA,NA,NA,NA,NA,NA,NA,NA,NA,NA,NA,80,NA,20,25,NA,NA,NA,NA,NA,NA,NA,40,NA,NA,NA,NA,10,80,NA,NA,68,NA,NA,NA,NA,10,60,NA,NA,NA,NA,NA,NA,50,NA,NA,40
90,NA,80,NA,NA,NA,NA,91,NA,100,NA,90,80,NA,NA,NA,NA,80,NA,NA,NA,NA,NA,80,NA,NA,NA,90,NA,98,NA,NA,NA,60,NA,80,85,80,NA,NA,NA,NA,NA,NA,NA,100,NA,90,80,NA,NA,NA,93,NA,95,100,90,NA,80,80,100,NA,90,NA,95,NA,NA,90,80,NA,90,100,NA,90,NA,NA,90,NA,NA,80,80,NA,90,NA,NA,90,NA,70,80,NA,80,85,NA,90
56,NA,NA,NA,70,NA,NA,75,NA,NA,NA,NA,NA,NA,NA,NA,NA,NA,NA,NA,50,NA,NA,NA,NA,NA,NA,NA,NA,NA,NA,NA,NA,NA,NA,40,NA,NA,NA,63,NA,NA,NA,NA,NA,NA,NA,NA,NA,NA,NA,NA,NA,NA,NA,NA,NA,NA,NA,NA,75,NA,NA,NA,NA,NA,NA,60,40,NA,NA,NA,80,NA,NA,NA,NA,NA,NA,NA,NA,NA,NA,NA,NA,NA,20,NA,NA,NA,40,NA,NA,50
87,NA,NA,NA,NA,NA,NA,NA,NA,NA,NA,NA,NA,NA,NA,NA,NA,NA,NA,NA,NA,NA,NA,NA,NA,NA,NA,NA,NA,NA,NA,NA,NA,NA,NA,NA,NA,NA,NA,NA,NA,NA,NA,NA,NA,NA,NA,NA,NA,NA,NA,NA,NA,NA,NA,NA,NA,80,NA,NA,NA,NA,NA,NA,NA,NA,NA,NA,NA,NA,NA,NA,NA,NA,80,NA,NA,NA,NA,NA,NA,NA,NA,NA,NA,NA,NA,90,NA,NA,NA,NA,NA,86
64,NA,NA,NA,80,NA,NA,67,NA,NA,NA,60,NA,NA,NA,NA,NA,60,NA,NA,70,NA,NA,NA,NA,NA,NA,NA,NA,NA,NA,60,40,60,NA,40,NA,80,40,80,NA,NA,NA,NA,NA,NA,NA,NA,NA,NA,NA,NA,58,NA,NA,60,NA,NA,NA,40,91,83,50,NA,43,NA,NA,40,70,NA,NA,NA,NA,NA,NA,NA,NA,NA,NA,80,NA,NA,NA,NA,NA,60,70,NA,NA,NA,80,20,35,80
68,NA,60,NA,NA,NA,NA,42,NA,75,NA,90,NA,NA,40,NA,NA,60,50,80,NA,75,NA,50,70,NA,NA,75,NA,NA,NA,NA,NA,60,NA,40,40,80,NA,NA,80,NA,NA,NA,70,70,NA,50,60,NA,NA,60,61,62,NA,40,40,NA,40,80,75,NA,60,NA,68,NA,NA,70,60,NA,80,NA,NA,80,NA,NA,80,68,NA,50,80,NA,80,80,NA,40,NA,NA,NA,NA,60,40,NA,56
65,NA,NA,NA,NA,NA,NA,NA,NA,NA,NA,NA,NA,NA,NA,NA,NA,NA,NA,NA,NA,NA,NA,50,NA,NA,NA,NA,NA,NA,NA,40,NA,NA,NA,NA,NA,70,NA,NA,NA,NA,NA,NA,NA,50,NA,NA,NA,NA,NA,NA,65,NA,NA,NA,NA,NA,NA,NA,NA,NA,NA,NA,76,NA,NA,NA,NA,NA,NA,NA,NA,NA,NA,NA,70,NA,NA,NA,NA,NA,NA,NA,NA,60,NA,NA,NA,NA,70,NA,NA,66
45,NA,NA,NA,80,NA,NA,58,NA,NA,NA,NA,NA,NA,NA,NA,NA,NA,NA,NA,NA,NA,NA,NA,NA,NA,NA,NA,NA,NA,NA,NA,NA,NA,NA,NA,NA,NA,NA,NA,NA,NA,NA,NA,NA,NA,NA,NA,NA,NA,NA,NA,NA,NA,NA,NA,NA,NA,NA,20,NA,NA,40,NA,NA,NA,NA,NA,NA,NA,NA,NA,NA,NA,NA,NA,NA,NA,NA,60,NA,NA,NA,NA,NA,NA,NA,NA,NA,40,NA,NA,NA,40
84,NA,NA,NA,NA,NA,NA,NA,NA,NA,NA,NA,NA,NA,NA,NA,NA,NA,NA,NA,NA,NA,NA,NA,NA,NA,NA,NA,NA,NA,NA,NA,NA,NA,NA,NA,NA,80,NA,NA,NA,NA,NA,NA,NA,NA,NA,NA,NA,NA,NA,NA,NA,NA,NA,NA,NA,NA,80,NA,NA,NA,NA,NA,NA,NA,NA,80,NA,NA,NA,NA,NA,NA,NA,NA,NA,NA,NA,NA,NA,NA,NA,NA,NA,NA,NA,NA,NA,NA,NA,NA,NA,80
73,NA,40,NA,NA,NA,NA,NA,NA,33,NA,NA,NA,NA,NA,NA,80,NA,NA,NA,NA,NA,NA,70,80,NA,NA,NA,NA,NA,NA,60,NA,70,NA,40,90,70,NA,NA,NA,NA,NA,NA,NA,50,NA,NA,NA,NA,NA,NA,78,NA,NA,NA,NA,NA,NA,60,91,NA,NA,NA,NA,NA,NA,60,NA,NA,NA,NA,NA,80,NA,NA,70,NA,NA,NA,80,NA,80,NA,NA,70,NA,NA,NA,NA,NA,75,NA,84
79,NA,NA,NA,NA,NA,NA,NA,NA,NA,NA,NA,NA,80,NA,NA,40,NA,NA,NA,NA,NA,NA,NA,NA,NA,NA,NA,NA,NA,NA,NA,NA,80,80,NA,NA,80,NA,NA,NA,NA,NA,NA,NA,NA,NA,NA,NA,NA,67,NA,79,NA,NA,NA,NA,NA,NA,NA,91,NA,NA,NA,NA,NA,NA,NA,NA,NA,77,NA,NA,NA,NA,NA,NA,NA,NA,NA,NA,NA,70,NA,NA,80,NA,NA,NA,NA,NA,NA,NA,80
79,NA,NA,NA,NA,NA,NA,NA,NA,NA,NA,70,NA,NA,NA,NA,80,60,NA,NA,NA,NA,NA,NA,NA,NA,NA,NA,NA,NA,NA,NA,NA,NA,NA,60,NA,80,NA,NA,NA,NA,NA,NA,NA,NA,NA,NA,NA,NA,NA,NA,75,NA,NA,NA,NA,NA,NA,NA,91,NA,NA,NA,NA,NA,NA,80,NA,NA,80,80,NA,NA,NA,NA,80,NA,NA,NA,NA,NA,70,NA,NA,NA,NA,NA,NA,NA,NA,NA,70,80
84,NA,NA,NA,NA,NA,NA,NA,NA,NA,NA,NA,NA,NA,NA,NA,NA,NA,NA,NA,NA,NA,NA,90,80,NA,NA,NA,NA,NA,NA,NA,NA,NA,NA,NA,NA,NA,NA,NA,NA,NA,NA,NA,NA,NA,NA,NA,NA,NA,NA,NA,NA,NA,NA,NA,NA,NA,NA,NA,NA,NA,NA,NA,NA,NA,NA,NA,NA,NA,NA,NA,NA,NA,80,NA,NA,NA,NA,NA,NA,NA,NA,NA,NA,NA,NA,80,NA,NA,NA,NA,NA,70
65,NA,NA,NA,NA,NA,NA,NA,NA,NA,NA,60,NA,NA,NA,NA,NA,60,NA,70,NA,37,NA,NA,NA,NA,NA,NA,NA,NA,NA,NA,70,70,NA,60,NA,80,NA,75,70,NA,NA,NA,NA,50,NA,70,60,NA,NA,NA,NA,58,NA,60,NA,NA,NA,80,67,NA,60,NA,52,NA,NA,60,70,NA,NA,60,NA,70,NA,NA,40,NA,NA,NA,NA,NA,70,70,NA,50,NA,NA,NA,NA,50,50,NA,60
67,NA,NA,NA,NA,NA,NA,NA,NA,NA,NA,NA,NA,NA,NA,NA,NA,NA,NA,NA,NA,NA,NA,NA,70,NA,NA,NA,NA,NA,NA,NA,NA,NA,NA,NA,NA,60,NA,NA,NA,NA,NA,NA,NA,NA,NA,NA,NA,NA,NA,NA,NA,NA,NA,NA,NA,50,NA,NA,NA,NA,NA,NA,NA,NA,NA,NA,NA,NA,NA,NA,NA,NA,80,NA,NA,NA,NA,NA,NA,NA,NA,NA,NA,NA,NA,NA,NA,NA,NA,NA,NA,40
80,NA,NA,NA,NA,NA,NA,NA,NA,NA,80,NA,NA,NA,NA,NA,NA,NA,NA,NA,NA,88,NA,NA,NA,NA,70,NA,NA,NA,NA,NA,NA,80,NA,NA,NA,70,NA,NA,NA,NA,NA,NA,NA,NA,NA,NA,NA,NA,NA,76,70,80,NA,NA,NA,NA,NA,NA,NA,NA,NA,NA,NA,NA,NA,NA,60,NA,NA,NA,NA,NA,NA,NA,80,NA,NA,NA,NA,NA,NA,80,NA,NA,NA,NA,NA,NA,NA,NA,80,80
74,NA,60,NA,NA,NA,NA,NA,NA,58,NA,80,NA,NA,NA,NA,80,80,75,80,NA,NA,NA,70,NA,NA,NA,70,NA,NA,NA,NA,NA,80,NA,NA,90,60,NA,NA,NA,NA,NA,NA,NA,58,NA,80,60,NA,NA,72,76,NA,70,80,NA,NA,60,80,50,NA,NA,NA,83,NA,NA,70,80,NA,NA,NA,NA,NA,80,NA,80,NA,NA,60,NA,NA,80,NA,NA,NA,NA,NA,NA,NA,60,60,NA,70
60,NA,NA,NA,NA,NA,NA,NA,NA,NA,NA,NA,NA,NA,NA,NA,NA,NA,NA,50,NA,NA,NA,NA,60,NA,NA,NA,NA,NA,NA,40,NA,50,NA,NA,NA,80,NA,NA,NA,70,NA,NA,NA,NA,NA,NA,NA,NA,33,91,68,NA,NA,NA,NA,NA,NA,NA,75,NA,40,60,NA,NA,NA,NA,40,NA,60,NA,NA,NA,NA,20,NA,NA,NA,30,NA,NA,50,NA,70,NA,70,NA,NA,NA,NA,80,80,80
77,NA,NA,NA,NA,NA,NA,NA,NA,NA,NA,NA,NA,NA,NA,NA,NA,40,NA,NA,NA,NA,NA,NA,80,NA,NA,NA,NA,89,NA,NA,NA,70,NA,NA,NA,80,NA,NA,NA,NA,NA,NA,NA,NA,NA,NA,NA,NA,NA,NA,NA,NA,NA,80,NA,80,NA,NA,NA,NA,NA,NA,84,NA,NA,NA,80,NA,NA,NA,NA,50,80,NA,NA,NA,NA,NA,NA,NA,80,80,NA,NA,NA,NA,NA,NA,NA,NA,NA,90
79,NA,40,NA,NA,NA,NA,NA,NA,NA,NA,90,NA,NA,90,NA,NA,80,NA,NA,NA,NA,NA,80,NA,NA,NA,85,NA,NA,NA,NA,NA,60,NA,NA,90,70,NA,NA,NA,NA,NA,80,NA,NA,NA,NA,60,NA,NA,NA,76,NA,75,80,80,NA,80,NA,83,NA,NA,NA,73,NA,NA,80,NA,NA,NA,NA,NA,80,NA,NA,80,NA,NA,NA,60,NA,NA,NA,NA,80,NA,80,NA,NA,NA,80,NA,80
70,NA,NA,NA,NA,NA,NA,NA,NA,NA,NA,80,NA,NA,40,NA,NA,NA,NA,NA,NA,NA,NA,70,NA,NA,NA,80,NA,NA,NA,NA,NA,50,NA,80,NA,60,NA,NA,NA,NA,80,NA,NA,70,NA,NA,NA,NA,NA,NA,65,NA,NA,NA,NA,NA,60,NA,NA,NA,NA,NA,NA,NA,NA,70,NA,NA,NA,NA,NA,NA,60,NA,70,NA,NA,NA,NA,NA,NA,NA,NA,NA,NA,90,NA,NA,NA,NA,NA,76
72,NA,80,NA,NA,NA,NA,NA,NA,NA,NA,80,NA,NA,NA,NA,40,80,NA,NA,NA,NA,NA,80,NA,NA,NA,NA,NA,NA,NA,NA,NA,80,NA,NA,75,70,NA,NA,NA,NA,80,NA,NA,60,NA,NA,80,NA,NA,NA,67,NA,NA,NA,NA,NA,NA,60,NA,NA,NA,NA,NA,NA,NA,70,NA,NA,NA,NA,NA,80,NA,NA,NA,NA,NA,NA,NA,NA,NA,NA,NA,NA,NA,NA,NA,NA,60,60,NA,78
76,NA,NA,67,NA,NA,NA,75,NA,NA,NA,60,NA,60,NA,NA,NA,80,NA,90,NA,75,NA,NA,60,NA,NA,NA,NA,NA,NA,60,NA,70,NA,100,NA,80,NA,NA,NA,NA,NA,NA,NA,NA,NA,NA,NA,NA,NA,NA,85,NA,NA,60,NA,NA,NA,60,91,NA,NA,NA,49,NA,NA,80,70,NA,79,NA,NA,NA,NA,NA,80,NA,NA,NA,NA,NA,70,NA,NA,80,NA,NA,NA,NA,70,70,NA,80
72,NA,NA,67,80,NA,NA,91,NA,NA,NA,NA,NA,NA,NA,NA,NA,80,NA,80,70,NA,NA,NA,70,NA,NA,NA,NA,NA,NA,NA,NA,60,80,NA,NA,70,NA,NA,NA,NA,NA,NA,NA,NA,NA,NA,NA,NA,NA,93,55,NA,NA,60,NA,NA,NA,NA,75,NA,50,NA,60,NA,NA,60,70,NA,NA,NA,NA,NA,NA,NA,NA,NA,NA,NA,NA,NA,NA,NA,NA,NA,80,NA,NA,NA,60,70,60,80
68,NA,NA,NA,NA,NA,NA,NA,NA,NA,NA,NA,NA,NA,NA,NA,NA,NA,NA,NA,NA,63,NA,NA,NA,NA,NA,NA,NA,NA,NA,NA,NA,80,NA,NA,NA,NA,NA,NA,NA,NA,NA,NA,NA,NA,NA,NA,NA,NA,NA,NA,52,NA,NA,NA,NA,NA,NA,NA,NA,NA,NA,NA,NA,NA,NA,NA,NA,NA,NA,NA,NA,NA,NA,NA,NA,NA,NA,NA,NA,NA,NA,80,NA,NA,NA,NA,NA,NA,NA,NA,NA,60
67,NA,NA,NA,NA,NA,NA,83,NA,NA,NA,NA,NA,NA,NA,NA,NA,NA,50,NA,NA,88,NA,NA,NA,NA,NA,NA,NA,NA,83,NA,70,50,40,80,NA,70,NA,75,30,NA,NA,NA,NA,70,NA,NA,40,NA,NA,NA,NA,NA,NA,60,NA,NA,NA,NA,83,NA,60,NA,NA,NA,NA,NA,70,NA,NA,80,NA,NA,NA,NA,NA,NA,NA,NA,NA,NA,70,50,NA,70,80,NA,40,NA,80,NA,NA,70
39,NA,NA,NA,80,NA,NA,NA,NA,NA,NA,NA,NA,NA,NA,NA,NA,NA,NA,NA,NA,NA,NA,NA,NA,NA,NA,NA,NA,NA,NA,NA,NA,60,NA,NA,NA,NA,NA,NA,NA,NA,NA,NA,NA,NA,NA,NA,NA,NA,NA,NA,NA,NA,NA,NA,NA,NA,NA,20,NA,NA,NA,NA,NA,NA,NA,NA,NA,NA,NA,NA,NA,NA,NA,NA,NA,NA,NA,NA,NA,NA,NA,NA,NA,NA,NA,NA,NA,NA,30,NA,NA,20
59,NA,NA,NA,NA,NA,NA,75,NA,NA,NA,70,NA,NA,NA,NA,NA,60,NA,NA,NA,37,NA,NA,NA,NA,NA,NA,NA,94,NA,NA,60,20,60,60,NA,60,NA,NA,NA,NA,NA,NA,NA,NA,NA,NA,NA,NA,NA,44,NA,NA,NA,70,NA,NA,NA,60,67,NA,50,NA,NA,NA,NA,40,50,NA,NA,NA,NA,NA,NA,NA,60,79,NA,70,NA,NA,50,70,NA,NA,NA,NA,NA,NA,60,60,NA,60
61,NA,NA,NA,NA,NA,NA,NA,NA,NA,NA,NA,NA,NA,NA,NA,NA,NA,NA,80,NA,NA,NA,NA,60,NA,NA,NA,NA,NA,NA,NA,NA,60,NA,NA,NA,60,NA,NA,NA,NA,NA,NA,NA,NA,NA,NA,NA,NA,NA,NA,NA,NA,NA,NA,NA,NA,NA,NA,NA,NA,NA,NA,NA,NA,NA,60,60,NA,70,NA,NA,NA,NA,NA,NA,NA,NA,NA,NA,NA,NA,NA,NA,NA,NA,NA,NA,NA,NA,40,NA,50
70,NA,40,NA,NA,NA,NA,NA,NA,NA,NA,70,NA,NA,NA,NA,NA,60,NA,NA,NA,NA,NA,NA,NA,NA,NA,NA,NA,NA,NA,NA,NA,NA,NA,NA,NA,80,NA,NA,NA,NA,NA,NA,NA,NA,NA,NA,80,NA,NA,NA,NA,NA,NA,60,40,NA,NA,80,NA,NA,NA,NA,NA,NA,NA,NA,NA,NA,NA,80,NA,40,NA,NA,40,NA,NA,NA,80,NA,80,NA,NA,NA,NA,NA,NA,NA,NA,NA,NA,66
75,NA,NA,NA,NA,NA,NA,NA,NA,NA,NA,80,NA,NA,NA,NA,NA,NA,NA,NA,NA,NA,NA,NA,80,NA,NA,70,NA,NA,NA,NA,NA,NA,NA,80,NA,80,NA,NA,NA,NA,NA,NA,NA,70,NA,NA,NA,NA,NA,NA,54,NA,NA,NA,NA,70,NA,NA,NA,NA,NA,NA,NA,NA,NA,70,NA,NA,NA,NA,NA,NA,80,NA,80,NA,NA,NA,NA,NA,NA,NA,NA,NA,NA,NA,NA,NA,NA,65,NA,70
69,NA,NA,NA,NA,NA,NA,NA,NA,58,NA,70,NA,NA,NA,NA,NA,NA,NA,NA,NA,NA,NA,80,80,NA,NA,80,NA,90,NA,NA,NA,50,NA,60,70,70,NA,NA,NA,NA,NA,NA,NA,42,NA,NA,NA,NA,NA,NA,64,NA,NA,NA,NA,NA,NA,60,75,NA,70,NA,NA,NA,NA,NA,NA,NA,NA,NA,NA,60,NA,NA,70,NA,NA,NA,60,NA,60,NA,NA,60,NA,NA,NA,NA,NA,70,NA,72
77,80,NA,NA,NA,NA,NA,NA,NA,NA,NA,80,NA,NA,NA,70,NA,NA,NA,NA,NA,NA,NA,70,NA,NA,80,NA,NA,NA,NA,NA,NA,NA,NA,NA,NA,NA,NA,NA,NA,NA,NA,NA,NA,NA,NA,NA,NA,80,NA,NA,82,82,NA,NA,NA,NA,NA,60,NA,NA,NA,NA,NA,NA,NA,70,NA,NA,NA,NA,NA,90,NA,NA,80,NA,NA,NA,NA,NA,NA,90,NA,50,NA,NA,NA,NA,NA,NA,NA,70
83,NA,100,NA,NA,NA,NA,NA,NA,NA,NA,90,NA,NA,80,NA,80,100,NA,NA,NA,NA,NA,NA,NA,NA,NA,90,NA,NA,NA,NA,NA,80,NA,NA,NA,80,NA,NA,NA,NA,70,80,NA,NA,NA,NA,80,NA,NA,NA,63,NA,NA,80,NA,NA,80,80,NA,NA,NA,NA,74,NA,NA,80,NA,NA,NA,NA,NA,70,80,NA,50,NA,NA,NA,NA,NA,NA,NA,NA,80,NA,NA,NA,NA,NA,NA,NA,70
73,NA,NA,NA,NA,NA,NA,NA,NA,NA,NA,NA,NA,NA,NA,NA,NA,NA,NA,NA,NA,NA,NA,NA,70,NA,NA,NA,NA,80,NA,NA,NA,NA,NA,NA,NA,70,NA,NA,NA,NA,NA,NA,NA,58,NA,NA,NA,NA,NA,NA,NA,NA,NA,NA,NA,NA,NA,NA,NA,NA,NA,NA,NA,NA,NA,NA,NA,NA,NA,NA,NA,NA,NA,NA,NA,NA,NA,NA,NA,NA,NA,NA,NA,NA,NA,NA,NA,NA,NA,NA,NA,90
66,NA,NA,NA,NA,NA,NA,75,NA,NA,NA,NA,NA,NA,NA,NA,NA,NA,NA,NA,NA,NA,NA,NA,70,NA,NA,NA,NA,NA,NA,NA,NA,NA,NA,NA,NA,60,NA,NA,NA,NA,NA,NA,NA,NA,NA,NA,NA,NA,NA,NA,NA,NA,NA,NA,NA,70,NA,NA,NA,NA,NA,NA,NA,NA,NA,NA,NA,NA,NA,NA,NA,NA,60,NA,NA,NA,NA,NA,NA,NA,NA,NA,NA,NA,NA,NA,NA,NA,NA,NA,NA,40
61,NA,40,NA,NA,NA,NA,75,NA,42,NA,60,40,NA,NA,NA,NA,NA,50,NA,NA,NA,NA,60,NA,NA,NA,NA,NA,85,NA,NA,NA,30,NA,40,75,80,NA,NA,NA,NA,NA,NA,NA,58,NA,60,60,NA,NA,NA,44,NA,NA,60,NA,NA,NA,NA,67,NA,60,NA,75,NA,NA,NA,70,NA,NA,60,NA,40,NA,NA,60,85,NA,60,60,NA,70,NA,NA,70,NA,NA,NA,NA,70,NA,NA,56
76,NA,80,NA,NA,NA,NA,91,NA,75,NA,80,NA,NA,NA,NA,NA,60,NA,NA,NA,NA,NA,70,80,NA,NA,NA,NA,NA,NA,70,NA,70,NA,80,80,80,NA,75,NA,NA,NA,NA,NA,58,NA,NA,80,NA,NA,NA,66,NA,85,80,50,NA,100,80,83,NA,70,NA,68,NA,NA,80,70,NA,NA,60,NA,60,NA,NA,80,80,NA,NA,60,NA,70,NA,NA,70,NA,NA,NA,NA,60,65,NA,56
59,NA,NA,NA,NA,NA,NA,NA,NA,NA,NA,NA,NA,NA,NA,NA,NA,NA,NA,NA,NA,NA,NA,NA,NA,NA,NA,NA,NA,NA,NA,NA,NA,NA,NA,NA,NA,NA,NA,NA,NA,NA,NA,NA,NA,NA,NA,NA,NA,NA,NA,NA,NA,NA,NA,NA,NA,90,NA,40,NA,NA,NA,NA,NA,NA,NA,NA,NA,NA,NA,NA,NA,NA,60,NA,NA,NA,NA,NA,NA,NA,NA,70,NA,NA,NA,NA,NA,NA,NA,NA,NA,60
61,NA,NA,NA,NA,NA,NA,NA,NA,NA,NA,NA,NA,NA,NA,NA,NA,NA,NA,NA,NA,NA,NA,NA,90,NA,NA,NA,NA,NA,NA,NA,NA,50,NA,NA,NA,50,NA,NA,NA,NA,NA,NA,NA,NA,NA,NA,NA,NA,NA,NA,NA,NA,NA,NA,NA,NA,NA,60,NA,NA,NA,NA,NA,NA,NA,NA,NA,NA,NA,NA,NA,NA,NA,NA,NA,NA,NA,NA,NA,NA,NA,NA,NA,NA,NA,NA,NA,NA,NA,NA,NA,20
77,NA,NA,NA,NA,NA,NA,NA,NA,NA,NA,NA,NA,NA,NA,NA,NA,NA,NA,NA,NA,NA,NA,70,NA,NA,NA,NA,82,NA,NA,NA,NA,NA,NA,NA,NA,NA,NA,NA,NA,NA,NA,NA,NA,NA,NA,NA,NA,NA,NA,NA,73,NA,NA,NA,NA,NA,NA,NA,NA,NA,NA,NA,NA,NA,NA,NA,NA,NA,NA,NA,NA,NA,NA,NA,NA,NA,NA,NA,NA,NA,NA,NA,NA,NA,NA,NA,NA,NA,NA,NA,NA,68
79,NA,NA,89,80,NA,NA,67,NA,NA,NA,NA,NA,80,NA,NA,NA,60,NA,NA,NA,NA,NA,NA,NA,NA,NA,NA,NA,NA,NA,60,70,80,70,80,NA,80,90,88,NA,NA,NA,NA,NA,NA,70,NA,NA,NA,91,NA,87,NA,NA,80,NA,NA,NA,60,83,91,60,NA,NA,NA,NA,NA,80,70,69,NA,NA,NA,NA,NA,40,NA,NA,NA,NA,91,60,NA,NA,70,NA,NA,70,NA,90,NA,85,40
67,NA,80,NA,NA,NA,NA,NA,NA,83,NA,70,NA,NA,NA,50,NA,NA,NA,NA,NA,NA,NA,70,NA,NA,80,NA,NA,63,NA,70,NA,60,NA,NA,60,80,NA,NA,NA,NA,50,NA,NA,50,NA,NA,NA,NA,NA,NA,72,NA,NA,80,50,NA,NA,80,NA,NA,NA,NA,NA,NA,NA,NA,80,NA,NA,NA,NA,60,NA,NA,50,NA,NA,NA,60,NA,70,NA,NA,30,NA,NA,NA,NA,60,75,NA,60
77,NA,NA,NA,NA,NA,NA,NA,NA,NA,NA,90,NA,80,NA,NA,70,NA,NA,NA,NA,63,NA,NA,NA,NA,NA,NA,NA,NA,NA,NA,70,70,NA,80,NA,80,NA,NA,NA,NA,NA,NA,NA,NA,80,NA,NA,NA,NA,NA,81,NA,NA,80,NA,NA,NA,60,NA,NA,70,NA,93,NA,NA,NA,70,NA,48,NA,NA,NA,NA,NA,70,NA,NA,NA,NA,NA,70,NA,90,NA,NA,NA,NA,70,70,60,80,70
74,NA,NA,NA,NA,NA,NA,NA,NA,NA,NA,NA,NA,NA,NA,NA,70,80,NA,NA,NA,75,NA,NA,90,NA,NA,NA,NA,NA,NA,80,NA,80,NA,NA,NA,80,NA,NA,NA,NA,NA,NA,NA,NA,NA,NA,NA,NA,NA,NA,76,NA,NA,NA,NA,NA,NA,60,NA,NA,50,NA,NA,NA,NA,60,60,NA,60,NA,NA,NA,NA,NA,70,NA,NA,NA,NA,NA,NA,NA,60,NA,NA,NA,NA,NA,NA,70,NA,50
62,NA,NA,NA,NA,NA,NA,NA,NA,58,NA,NA,NA,NA,NA,NA,NA,NA,NA,NA,NA,NA,NA,80,NA,NA,NA,40,NA,NA,NA,NA,NA,60,NA,NA,70,70,NA,NA,NA,NA,NA,NA,NA,NA,NA,NA,NA,NA,NA,NA,63,NA,60,NA,NA,NA,60,NA,NA,NA,70,NA,NA,NA,NA,60,NA,NA,NA,NA,NA,NA,NA,NA,NA,NA,NA,NA,60,NA,NA,NA,NA,NA,NA,NA,NA,NA,NA,50,NA,66
71,80,NA,NA,NA,NA,NA,NA,NA,NA,NA,70,NA,NA,NA,NA,NA,60,NA,NA,NA,NA,NA,50,NA,NA,NA,NA,NA,NA,NA,70,NA,NA,NA,NA,85,70,NA,NA,80,NA,NA,NA,80,70,NA,NA,NA,90,NA,NA,76,NA,NA,60,NA,NA,NA,60,NA,NA,80,NA,NA,NA,NA,70,NA,NA,NA,NA,NA,70,NA,NA,70,NA,NA,NA,80,NA,NA,NA,NA,NA,NA,NA,NA,NA,60,65,NA,66
68,NA,60,NA,NA,NA,NA,75,NA,75,NA,70,NA,NA,NA,NA,NA,NA,50,NA,NA,NA,NA,60,NA,NA,NA,NA,NA,NA,NA,NA,NA,NA,NA,NA,80,70,NA,80,NA,NA,NA,NA,NA,58,NA,NA,60,NA,NA,NA,68,NA,NA,60,NA,NA,NA,60,75,NA,NA,NA,NA,NA,NA,NA,50,NA,NA,60,NA,70,NA,NA,30,NA,NA,NA,80,NA,60,NA,NA,NA,NA,NA,70,NA,80,NA,NA,68
87,NA,80,NA,NA,NA,NA,NA,NA,83,NA,100,NA,NA,NA,NA,80,100,NA,NA,NA,NA,NA,90,NA,NA,84,75,NA,NA,NA,90,NA,90,NA,80,85,90,NA,NA,NA,NA,70,NA,NA,83,NA,NA,60,NA,NA,NA,84,NA,85,100,NA,NA,NA,80,NA,NA,NA,NA,NA,NA,NA,90,NA,NA,NA,NA,NA,90,NA,NA,80,NA,NA,NA,80,NA,80,NA,NA,NA,NA,NA,NA,NA,70,90,NA,88
77,NA,NA,NA,NA,NA,NA,NA,NA,NA,NA,60,NA,NA,NA,NA,NA,80,NA,NA,NA,NA,NA,NA,NA,NA,NA,NA,NA,NA,NA,100,NA,80,NA,NA,NA,80,NA,NA,NA,NA,NA,NA,NA,NA,NA,NA,NA,NA,NA,84,77,NA,NA,100,NA,NA,NA,60,NA,NA,NA,NA,NA,NA,NA,60,70,NA,NA,NA,NA,NA,NA,NA,NA,NA,NA,NA,NA,NA,70,NA,NA,NA,NA,NA,NA,NA,NA,50,40,90
75,NA,80,50,NA,NA,NA,91,NA,NA,NA,60,NA,NA,NA,NA,NA,60,NA,NA,NA,NA,NA,70,70,NA,NA,60,NA,90,NA,NA,NA,90,NA,60,NA,80,NA,75,80,NA,NA,NA,NA,80,NA,NA,NA,NA,NA,80,73,NA,NA,NA,NA,NA,NA,40,83,NA,NA,NA,83,NA,NA,70,80,NA,NA,80,NA,NA,NA,NA,90,89,NA,70,NA,NA,NA,NA,NA,60,NA,70,NA,NA,70,80,NA,78
85,NA,NA,67,NA,NA,NA,67,NA,NA,NA,90,NA,NA,NA,NA,80,100,88,90,NA,NA,NA,NA,NA,NA,NA,NA,NA,88,NA,60,70,80,NA,40,NA,80,NA,88,80,NA,NA,NA,80,90,NA,90,100,NA,NA,93,88,94,NA,80,NA,NA,NA,80,100,NA,90,NA,90,NA,NA,80,90,NA,70,80,NA,70,NA,NA,80,82,NA,70,NA,NA,40,80,NA,90,NA,NA,NA,NA,80,80,75,100
51,NA,NA,NA,NA,NA,NA,58,NA,NA,NA,NA,NA,NA,NA,NA,NA,NA,NA,NA,NA,NA,NA,NA,NA,NA,NA,NA,NA,NA,NA,NA,NA,NA,NA,40,NA,70,NA,NA,NA,NA,NA,NA,NA,40,NA,NA,NA,NA,NA,NA,NA,NA,NA,NA,NA,NA,NA,NA,50,NA,NA,NA,NA,NA,NA,NA,NA,NA,NA,NA,NA,NA,20,NA,NA,78,NA,40,NA,NA,NA,NA,NA,NA,NA,NA,NA,NA,NA,NA,NA,90
83,NA,NA,NA,NA,NA,NA,NA,NA,NA,NA,NA,NA,NA,80,NA,NA,80,NA,NA,NA,NA,NA,NA,NA,NA,NA,NA,NA,NA,NA,NA,NA,NA,NA,NA,NA,90,NA,NA,NA,NA,NA,NA,NA,NA,NA,NA,60,NA,NA,NA,NA,NA,NA,NA,NA,NA,NA,NA,NA,NA,NA,NA,NA,NA,NA,NA,NA,NA,NA,NA,NA,NA,NA,NA,80,NA,NA,NA,NA,NA,NA,NA,NA,NA,NA,NA,NA,NA,NA,NA,NA,80
81,NA,NA,78,NA,NA,NA,NA,NA,NA,NA,NA,NA,NA,NA,NA,80,NA,NA,NA,NA,NA,NA,80,80,NA,NA,NA,NA,NA,NA,80,NA,80,NA,NA,NA,80,NA,NA,NA,NA,70,NA,NA,NA,NA,NA,NA,NA,NA,NA,79,NA,NA,80,90,NA,NA,60,67,NA,NA,NA,NA,NA,NA,80,80,NA,90,NA,NA,NA,100,NA,70,NA,NA,NA,NA,NA,NA,NA,NA,NA,NA,NA,NA,NA,NA,NA,85,80
76,NA,NA,NA,NA,NA,NA,NA,NA,NA,NA,NA,NA,NA,NA,NA,NA,NA,NA,NA,NA,NA,NA,60,NA,NA,NA,NA,NA,NA,NA,NA,NA,80,NA,NA,NA,NA,NA,NA,NA,NA,NA,60,NA,NA,NA,NA,60,NA,NA,NA,69,NA,NA,NA,NA,NA,NA,NA,75,NA,NA,NA,79,NA,NA,NA,NA,NA,NA,NA,NA,NA,NA,NA,NA,NA,NA,80,NA,NA,NA,NA,NA,NA,NA,NA,NA,NA,NA,NA,NA,94
61,NA,NA,NA,NA,NA,NA,NA,NA,NA,NA,NA,NA,NA,NA,NA,80,60,NA,NA,NA,NA,NA,NA,NA,NA,NA,NA,NA,NA,NA,40,NA,NA,NA,NA,NA,60,NA,NA,NA,NA,NA,NA,NA,NA,NA,NA,NA,NA,NA,82,55,NA,NA,NA,NA,NA,NA,NA,NA,NA,NA,NA,NA,NA,NA,40,NA,NA,NA,NA,NA,NA,NA,NA,NA,NA,NA,NA,NA,NA,80,NA,NA,NA,NA,NA,NA,NA,NA,NA,NA,40
77,NA,NA,NA,70,NA,NA,NA,NA,NA,NA,NA,NA,NA,NA,NA,NA,NA,NA,NA,NA,NA,NA,NA,90,NA,NA,NA,NA,NA,NA,NA,NA,60,NA,80,NA,80,NA,NA,NA,NA,NA,NA,NA,NA,90,NA,NA,NA,NA,82,79,NA,NA,NA,NA,NA,NA,NA,NA,NA,NA,NA,NA,NA,NA,NA,50,NA,59,NA,NA,NA,NA,80,70,NA,NA,70,NA,NA,NA,NA,80,NA,50,NA,NA,NA,NA,NA,NA,70
75,NA,NA,NA,NA,NA,NA,83,NA,NA,NA,80,NA,80,NA,NA,NA,80,NA,80,NA,NA,NA,NA,60,NA,NA,NA,NA,NA,NA,70,60,70,NA,80,NA,70,NA,NA,NA,NA,NA,NA,NA,NA,NA,NA,NA,NA,NA,NA,72,NA,NA,80,NA,NA,NA,NA,58,75,NA,NA,89,NA,NA,80,60,NA,75,NA,NA,NA,NA,NA,70,82,NA,NA,NA,NA,NA,NA,NA,70,NA,NA,NA,NA,80,60,75,60
85,90,80,NA,NA,NA,NA,91,NA,91,NA,90,NA,NA,NA,NA,NA,80,NA,NA,NA,NA,NA,70,80,NA,NA,90,NA,NA,NA,NA,NA,90,NA,80,70,80,NA,80,NA,NA,NA,60,NA,83,NA,NA,80,NA,NA,NA,84,NA,70,80,NA,NA,80,80,91,NA,80,NA,NA,NA,NA,80,80,NA,NA,80,NA,90,NA,NA,80,NA,NA,NA,80,NA,80,NA,NA,80,NA,NA,NA,NA,70,85,NA,72
76,NA,NA,NA,NA,NA,NA,NA,NA,NA,NA,NA,NA,NA,NA,NA,NA,NA,NA,NA,NA,NA,NA,NA,NA,NA,NA,NA,NA,NA,NA,NA,NA,70,NA,NA,NA,NA,NA,NA,NA,NA,NA,NA,NA,NA,NA,NA,NA,NA,NA,NA,NA,NA,NA,NA,NA,80,NA,NA,NA,NA,NA,NA,NA,NA,NA,NA,NA,NA,NA,NA,NA,NA,NA,NA,NA,NA,NA,NA,NA,NA,70,NA,NA,NA,NA,NA,NA,NA,NA,NA,NA,80
75,NA,NA,NA,NA,NA,NA,NA,NA,NA,NA,NA,NA,NA,NA,NA,80,NA,NA,80,NA,75,NA,NA,80,NA,NA,NA,NA,NA,NA,NA,NA,50,NA,NA,NA,80,NA,NA,NA,NA,NA,NA,NA,NA,NA,NA,NA,NA,NA,NA,64,NA,NA,80,NA,NA,NA,NA,NA,NA,90,NA,NA,NA,NA,NA,60,NA,77,NA,NA,NA,NA,NA,NA,NA,NA,NA,NA,NA,NA,NA,80,NA,NA,NA,NA,NA,NA,60,65,60
74,NA,NA,67,NA,NA,NA,NA,NA,NA,40,60,NA,NA,NA,NA,NA,NA,NA,NA,NA,NA,NA,70,NA,NA,NA,NA,NA,NA,NA,NA,NA,80,NA,60,75,80,NA,NA,NA,NA,NA,NA,NA,67,NA,NA,NA,NA,NA,NA,72,NA,80,NA,NA,NA,NA,NA,83,NA,NA,NA,70,NA,NA,NA,NA,NA,NA,NA,NA,NA,NA,NA,NA,NA,NA,NA,NA,NA,NA,NA,NA,70,NA,NA,NA,NA,NA,65,NA,68
75,NA,NA,NA,80,NA,NA,91,NA,NA,NA,NA,NA,60,NA,NA,NA,NA,NA,NA,70,NA,NA,NA,80,NA,NA,NA,NA,NA,NA,NA,NA,70,NA,80,NA,70,70,NA,NA,NA,NA,NA,NA,NA,NA,NA,NA,NA,91,NA,NA,NA,NA,70,NA,NA,NA,80,83,NA,70,NA,NA,NA,NA,60,80,NA,NA,NA,NA,NA,NA,NA,60,NA,NA,60,NA,NA,70,NA,NA,NA,70,NA,60,NA,70,NA,NA,70
64,NA,NA,NA,80,NA,NA,67,NA,NA,NA,40,NA,60,NA,NA,NA,80,NA,NA,60,NA,NA,NA,NA,NA,NA,NA,NA,NA,NA,NA,70,70,NA,80,NA,60,80,NA,NA,NA,NA,NA,NA,NA,NA,NA,NA,NA,67,NA,NA,NA,NA,60,NA,NA,NA,60,NA,NA,60,NA,NA,NA,NA,60,NA,NA,NA,NA,NA,NA,NA,NA,NA,NA,NA,NA,NA,NA,20,NA,NA,NA,60,NA,40,NA,60,NA,65,80
72,NA,60,NA,NA,NA,NA,NA,NA,NA,NA,NA,NA,NA,70,NA,NA,40,NA,NA,NA,NA,NA,70,NA,NA,NA,NA,NA,NA,NA,NA,NA,60,NA,NA,NA,80,NA,70,NA,NA,NA,NA,NA,75,NA,NA,40,NA,NA,NA,69,NA,NA,NA,NA,NA,100,80,NA,NA,NA,NA,NA,NA,NA,80,NA,NA,NA,NA,NA,NA,NA,NA,80,NA,NA,NA,NA,NA,NA,NA,NA,NA,NA,NA,NA,NA,80,NA,NA,82
79,NA,NA,NA,NA,NA,NA,NA,NA,NA,NA,NA,NA,NA,NA,NA,NA,NA,NA,NA,NA,NA,NA,70,NA,NA,NA,NA,NA,NA,NA,80,NA,NA,NA,NA,NA,70,NA,NA,NA,NA,80,NA,NA,NA,NA,NA,NA,NA,NA,NA,76,NA,NA,NA,NA,NA,NA,NA,NA,NA,NA,NA,NA,NA,NA,NA,NA,NA,NA,NA,NA,NA,NA,NA,NA,NA,NA,NA,NA,NA,NA,NA,NA,NA,NA,NA,NA,NA,NA,NA,NA,78
71,NA,NA,NA,80,NA,NA,83,NA,NA,NA,70,NA,100,NA,NA,NA,60,NA,NA,80,75,NA,NA,NA,NA,NA,NA,NA,NA,NA,30,60,60,NA,60,NA,80,NA,75,NA,NA,NA,NA,NA,NA,NA,NA,NA,NA,NA,NA,66,NA,NA,80,NA,NA,NA,80,75,NA,70,NA,52,NA,NA,20,70,NA,51,NA,NA,NA,NA,NA,60,NA,NA,80,NA,90,80,NA,NA,60,80,NA,NA,70,60,80,NA,70
62,NA,NA,NA,NA,NA,NA,83,NA,NA,NA,NA,NA,NA,NA,70,NA,NA,NA,NA,NA,NA,NA,NA,NA,NA,NA,NA,70,NA,NA,50,NA,60,NA,80,NA,40,NA,NA,NA,NA,NA,NA,30,70,NA,NA,NA,NA,NA,NA,69,NA,NA,40,NA,NA,NA,NA,NA,NA,70,NA,60,NA,70,NA,70,NA,NA,NA,NA,NA,NA,NA,NA,NA,NA,60,NA,NA,NA,NA,NA,60,NA,NA,NA,NA,70,NA,NA,74
72,NA,NA,NA,NA,NA,NA,83,NA,NA,NA,NA,NA,NA,NA,NA,NA,NA,NA,NA,NA,NA,NA,NA,NA,NA,NA,NA,NA,NA,NA,NA,NA,NA,NA,NA,NA,60,NA,NA,NA,NA,NA,NA,NA,NA,NA,NA,NA,NA,NA,NA,NA,NA,NA,NA,NA,NA,NA,NA,NA,NA,NA,NA,NA,NA,NA,NA,NA,NA,NA,NA,NA,NA,NA,NA,NA,NA,NA,80,NA,NA,NA,NA,NA,NA,NA,NA,NA,NA,NA,NA,NA,50
71,NA,NA,NA,NA,NA,NA,NA,NA,NA,NA,NA,NA,NA,NA,NA,80,80,NA,NA,NA,75,NA,NA,NA,NA,NA,NA,NA,NA,NA,50,NA,50,NA,40,NA,60,NA,NA,NA,NA,NA,NA,NA,NA,NA,NA,NA,NA,NA,NA,54,NA,NA,NA,NA,NA,NA,80,91,NA,80,NA,63,NA,NA,80,80,NA,55,NA,NA,80,NA,NA,50,74,NA,NA,NA,NA,NA,80,NA,50,NA,NA,NA,NA,NA,70,60,40
66,NA,NA,NA,NA,NA,NA,NA,NA,NA,NA,NA,NA,NA,NA,NA,NA,NA,NA,NA,NA,NA,NA,NA,NA,NA,NA,NA,NA,79,NA,NA,NA,NA,NA,NA,NA,NA,NA,NA,NA,NA,NA,NA,NA,NA,NA,NA,NA,NA,NA,NA,NA,NA,NA,NA,NA,70,NA,60,NA,NA,NA,NA,NA,NA,NA,NA,NA,NA,NA,NA,NA,80,NA,NA,80,NA,NA,NA,NA,NA,30,NA,NA,NA,NA,NA,NA,NA,NA,NA,NA,90
85,NA,NA,NA,NA,NA,NA,NA,NA,NA,NA,60,NA,80,NA,NA,NA,80,NA,NA,NA,NA,NA,NA,NA,NA,NA,NA,NA,NA,NA,NA,80,80,NA,NA,NA,90,70,NA,NA,NA,NA,NA,NA,NA,NA,NA,NA,NA,NA,78,78,NA,NA,80,NA,NA,NA,100,NA,NA,NA,NA,NA,NA,NA,80,NA,NA,81,NA,NA,NA,NA,NA,90,NA,NA,NA,NA,NA,80,NA,NA,80,NA,NA,NA,NA,NA,70,NA,70
87,NA,NA,NA,80,NA,NA,75,NA,NA,NA,90,NA,80,NA,NA,70,80,NA,NA,80,NA,NA,NA,NA,NA,NA,NA,NA,NA,NA,80,80,90,NA,NA,NA,90,80,100,NA,68,80,NA,NA,NA,90,NA,NA,NA,100,NA,89,NA,NA,80,NA,NA,NA,80,100,NA,70,90,NA,NA,NA,80,90,NA,72.5,NA,NA,NA,NA,NA,90,NA,NA,NA,NA,80,80,NA,90,NA,80,NA,NA,30,90,80,90,80
82,NA,NA,NA,NA,NA,NA,NA,NA,NA,NA,80,NA,NA,NA,NA,80,80,NA,NA,NA,75,NA,NA,80,NA,NA,NA,NA,NA,NA,80,NA,80,NA,80,NA,60,NA,NA,NA,NA,NA,NA,NA,NA,NA,NA,NA,NA,NA,NA,83,NA,NA,NA,NA,NA,NA,NA,91,NA,60,NA,NA,NA,NA,80,NA,NA,80,NA,NA,NA,NA,NA,90,NA,NA,NA,NA,NA,80,NA,NA,80,NA,NA,70,NA,NA,NA,80,80
72,NA,NA,40,NA,NA,NA,NA,NA,NA,NA,90,NA,NA,NA,NA,80,80,NA,NA,NA,63,NA,NA,80,NA,NA,NA,NA,NA,NA,50,NA,60,60,80,NA,80,NA,NA,NA,NA,NA,NA,NA,NA,NA,NA,NA,NA,NA,NA,84,NA,NA,60,NA,80,NA,60,83,NA,50,NA,91,NA,NA,60,80,NA,50,NA,NA,NA,NA,NA,80,88,NA,NA,NA,NA,60,70,NA,90,NA,NA,NA,NA,70,60,75,50
77,NA,NA,NA,NA,NA,NA,NA,NA,NA,NA,90,NA,70,NA,NA,NA,80,NA,NA,NA,NA,NA,NA,80,NA,NA,NA,NA,NA,NA,NA,70,60,NA,NA,NA,80,70,NA,NA,NA,NA,NA,NA,NA,NA,NA,NA,NA,NA,NA,72,NA,NA,80,NA,NA,NA,80,83,NA,NA,NA,73,NA,NA,80,70,NA,67,NA,NA,NA,NA,NA,80,NA,NA,NA,NA,NA,80,NA,80,50,NA,NA,NA,NA,60,80,NA,60
67,NA,NA,67,NA,NA,NA,67,NA,58,NA,NA,NA,NA,NA,NA,NA,60,75,NA,NA,NA,NA,NA,60,NA,NA,NA,NA,70,NA,NA,NA,30,NA,60,NA,70,NA,NA,NA,NA,NA,NA,NA,42,NA,NA,NA,NA,NA,NA,55,NA,70,60,NA,NA,NA,60,83,NA,60,NA,70,NA,NA,80,60,NA,NA,NA,NA,70,NA,NA,70,NA,NA,70,80,NA,NA,NA,NA,60,NA,90,80,NA,70,55,NA,60
67,NA,NA,NA,NA,NA,NA,NA,NA,NA,NA,NA,NA,NA,NA,NA,NA,NA,NA,NA,NA,NA,NA,NA,60,NA,NA,NA,NA,88,NA,NA,NA,NA,NA,NA,NA,70,NA,NA,NA,NA,NA,NA,NA,NA,NA,NA,NA,NA,NA,NA,NA,NA,NA,NA,NA,70,NA,NA,NA,NA,NA,NA,NA,60,NA,NA,NA,NA,NA,NA,NA,NA,NA,NA,NA,NA,NA,NA,NA,NA,NA,NA,NA,NA,NA,NA,NA,NA,NA,NA,NA,58
63,NA,NA,NA,NA,NA,NA,75,NA,NA,NA,NA,NA,NA,NA,NA,NA,NA,NA,NA,NA,NA,NA,NA,NA,NA,NA,NA,NA,NA,NA,NA,NA,40,NA,NA,NA,60,70,63,NA,NA,NA,NA,NA,NA,NA,NA,NA,NA,NA,NA,NA,NA,NA,NA,NA,NA,NA,NA,NA,NA,40,NA,NA,NA,NA,NA,NA,NA,NA,NA,NA,NA,NA,NA,NA,NA,NA,80,NA,NA,NA,80,NA,NA,NA,NA,80,NA,40,NA,NA,80
59,NA,NA,NA,80,NA,NA,75,NA,NA,NA,NA,NA,NA,NA,NA,NA,NA,NA,NA,NA,NA,NA,NA,NA,NA,NA,NA,NA,NA,NA,NA,NA,NA,NA,NA,NA,60,NA,63,NA,NA,NA,NA,NA,NA,NA,NA,NA,NA,NA,NA,NA,NA,NA,NA,NA,NA,NA,NA,NA,NA,20,NA,NA,NA,NA,NA,NA,NA,NA,NA,NA,NA,NA,NA,NA,NA,NA,50,NA,NA,NA,NA,NA,NA,40,NA,70,NA,60,NA,NA,40
76,NA,NA,NA,NA,NA,NA,NA,NA,67,NA,50,NA,NA,NA,NA,NA,80,NA,NA,NA,NA,NA,NA,70,NA,NA,NA,NA,NA,NA,NA,NA,NA,NA,NA,70,70,NA,NA,NA,NA,NA,NA,NA,NA,NA,NA,NA,NA,NA,NA,NA,NA,80,NA,70,NA,NA,80,NA,NA,NA,NA,NA,NA,NA,80,NA,NA,NA,NA,NA,NA,NA,NA,60,NA,NA,NA,NA,NA,70,NA,NA,NA,NA,NA,NA,NA,NA,75,NA,80
55,NA,NA,NA,60,NA,NA,83,NA,NA,NA,60,NA,80,NA,NA,NA,70,NA,NA,80,NA,NA,NA,NA,NA,NA,NA,NA,NA,NA,NA,20,70,NA,NA,NA,70,40,25,NA,NA,NA,NA,NA,NA,NA,NA,NA,NA,16,NA,15,NA,NA,10,NA,NA,NA,70,NA,NA,60,50,NA,NA,NA,60,70,NA,NA,NA,NA,NA,NA,80,10,NA,NA,NA,NA,NA,NA,NA,NA,NA,NA,NA,NA,NA,60,NA,NA,40
68,NA,NA,NA,NA,NA,NA,NA,NA,NA,NA,NA,NA,NA,NA,NA,NA,40,NA,80,NA,NA,NA,NA,NA,NA,NA,NA,NA,NA,NA,90,NA,70,NA,60,NA,60,NA,NA,NA,NA,NA,NA,NA,NA,NA,NA,NA,NA,NA,NA,78,NA,NA,NA,NA,NA,NA,NA,58,NA,NA,NA,NA,NA,NA,NA,70,NA,71,NA,NA,NA,NA,NA,60,NA,NA,NA,NA,NA,70,NA,NA,80,NA,NA,70,NA,NA,40,65,90
69,NA,NA,NA,NA,NA,NA,NA,NA,NA,NA,NA,NA,NA,NA,NA,NA,NA,NA,NA,NA,NA,NA,NA,80,NA,NA,NA,NA,80,NA,NA,NA,NA,NA,NA,NA,40,NA,NA,NA,NA,NA,NA,NA,NA,NA,NA,NA,NA,NA,NA,NA,NA,NA,NA,NA,NA,NA,NA,NA,NA,NA,NA,NA,NA,NA,NA,NA,NA,NA,NA,NA,NA,80,NA,NA,NA,NA,NA,NA,NA,NA,NA,NA,NA,NA,NA,NA,NA,NA,NA,NA,60
72,NA,NA,NA,NA,NA,NA,NA,NA,NA,NA,NA,NA,NA,NA,NA,NA,NA,NA,NA,NA,NA,NA,70,NA,NA,NA,70,NA,NA,NA,NA,NA,60,NA,NA,NA,70,NA,NA,NA,NA,NA,NA,NA,NA,NA,NA,NA,NA,NA,NA,69,NA,NA,NA,80,NA,NA,NA,NA,NA,NA,NA,NA,NA,NA,70,NA,NA,NA,NA,NA,NA,NA,NA,NA,NA,NA,NA,NA,NA,NA,NA,NA,NA,NA,NA,NA,NA,NA,NA,NA,82
65,NA,NA,NA,NA,NA,NA,67,NA,NA,NA,60,NA,NA,NA,NA,NA,40,NA,NA,NA,NA,NA,NA,NA,NA,NA,NA,NA,NA,NA,NA,50,60,NA,NA,NA,70,60,NA,NA,NA,NA,NA,NA,50,NA,NA,NA,NA,NA,NA,68,NA,NA,40,NA,NA,NA,80,NA,NA,NA,NA,NA,NA,NA,80,70,NA,NA,NA,NA,NA,NA,NA,60,NA,NA,80,NA,NA,60,80,NA,NA,NA,NA,NA,NA,60,NA,NA,70
83,NA,NA,78,NA,NA,NA,NA,NA,NA,NA,90,NA,NA,NA,NA,80,80,NA,70,NA,88,NA,NA,NA,NA,NA,NA,NA,76,NA,60,NA,70,80,NA,NA,80,80,NA,NA,NA,NA,NA,NA,NA,NA,NA,NA,NA,NA,80,86,NA,NA,80,NA,NA,NA,80,100,NA,NA,NA,NA,NA,NA,80,80,NA,83,NA,NA,NA,NA,NA,80,NA,NA,80,NA,79,90,80,NA,80,NA,NA,NA,NA,50,80,80,90
78,NA,NA,78,NA,86,NA,91,80,NA,NA,NA,NA,NA,NA,NA,NA,NA,NA,NA,NA,NA,NA,90,NA,80,NA,NA,90,NA,NA,NA,NA,80,NA,80,NA,70,NA,NA,NA,NA,NA,NA,80,70,80,NA,NA,NA,NA,NA,71,73,NA,NA,NA,NA,NA,80,67,NA,NA,NA,NA,NA,80,NA,NA,NA,NA,NA,NA,NA,NA,NA,NA,84,NA,NA,NA,NA,50,NA,NA,NA,NA,NA,NA,NA,70,NA,75,60
90,NA,NA,NA,NA,NA,NA,NA,NA,NA,NA,NA,NA,100,NA,NA,90,NA,NA,NA,NA,NA,NA,NA,NA,NA,NA,NA,NA,NA,NA,80,NA,90,NA,NA,NA,NA,NA,NA,NA,NA,NA,NA,NA,NA,NA,NA,NA,NA,NA,NA,86,NA,NA,80,NA,NA,NA,80,NA,NA,NA,NA,NA,NA,NA,NA,NA,NA,NA,NA,NA,NA,NA,NA,90,NA,NA,NA,NA,NA,NA,NA,80,NA,NA,NA,NA,NA,NA,NA,NA,80
60,NA,NA,40,80,NA,NA,75,NA,NA,NA,NA,NA,NA,NA,NA,NA,40,NA,NA,40,NA,NA,NA,NA,NA,NA,NA,NA,NA,NA,NA,NA,NA,NA,NA,NA,80,75,75,NA,NA,NA,NA,NA,NA,NA,NA,NA,NA,NA,NA,NA,NA,NA,20,NA,NA,NA,40,NA,NA,40,NA,NA,NA,NA,80,NA,NA,NA,NA,NA,NA,NA,NA,NA,NA,NA,70,NA,NA,NA,NA,NA,NA,NA,NA,70,NA,70,NA,NA,60
81,NA,NA,NA,NA,NA,NA,NA,NA,NA,NA,NA,NA,80,NA,NA,80,NA,NA,NA,NA,NA,NA,NA,NA,NA,NA,NA,NA,NA,NA,NA,NA,80,NA,NA,NA,80,NA,NA,NA,NA,80,NA,NA,NA,NA,NA,NA,NA,NA,NA,85,NA,NA,NA,NA,NA,NA,NA,NA,NA,NA,NA,NA,NA,NA,60,80,NA,77,NA,NA,NA,NA,NA,80,NA,NA,NA,NA,NA,NA,NA,80,NA,NA,NA,NA,NA,NA,NA,65,80
81,NA,NA,NA,NA,NA,NA,NA,NA,NA,NA,NA,NA,NA,NA,NA,NA,NA,NA,NA,NA,NA,NA,NA,NA,NA,NA,NA,NA,NA,NA,80,NA,NA,NA,80,NA,80,NA,NA,NA,NA,70,NA,NA,NA,NA,NA,NA,NA,NA,NA,87,NA,NA,NA,NA,NA,NA,NA,91,NA,80,NA,NA,NA,NA,80,80,NA,80,NA,NA,NA,NA,NA,NA,NA,NA,NA,NA,NA,NA,90,NA,40,NA,NA,NA,NA,NA,40,70,90
77,NA,NA,NA,NA,NA,NA,NA,NA,NA,NA,NA,NA,NA,NA,NA,NA,NA,NA,NA,NA,NA,NA,NA,NA,NA,NA,NA,NA,NA,NA,NA,NA,70,NA,NA,NA,NA,NA,NA,NA,NA,NA,NA,NA,80,NA,NA,NA,NA,NA,NA,79,71,NA,NA,NA,NA,NA,NA,NA,NA,NA,NA,NA,NA,NA,NA,NA,NA,NA,NA,NA,NA,NA,NA,NA,NA,NA,NA,NA,NA,NA,NA,NA,NA,NA,NA,NA,NA,NA,NA,NA,70
75,NA,NA,NA,NA,NA,NA,NA,NA,NA,NA,80,NA,NA,NA,NA,NA,NA,NA,NA,NA,NA,NA,NA,NA,NA,NA,NA,NA,NA,NA,NA,NA,NA,NA,NA,NA,70,NA,NA,NA,NA,NA,NA,NA,NA,NA,NA,NA,NA,NA,NA,58,NA,65,80,NA,NA,NA,80,NA,NA,NA,NA,NA,NA,NA,NA,NA,NA,NA,NA,NA,NA,NA,NA,NA,NA,NA,NA,80,NA,NA,NA,NA,NA,NA,NA,NA,NA,NA,NA,NA,70
71,NA,NA,NA,NA,NA,NA,75,NA,NA,NA,100,NA,80,NA,NA,NA,NA,NA,NA,60,NA,NA,NA,NA,NA,NA,NA,NA,NA,NA,NA,70,70,80,NA,NA,80,NA,NA,NA,NA,NA,NA,NA,NA,NA,NA,NA,NA,42,NA,55,NA,NA,40,NA,NA,NA,60,83,91,70,NA,NA,NA,NA,NA,80,NA,NA,NA,NA,NA,NA,NA,40,NA,NA,80,NA,NA,NA,NA,NA,NA,60,NA,70,NA,60,70,NA,60
57,NA,NA,NA,NA,NA,NA,NA,NA,NA,NA,NA,NA,NA,60,NA,NA,NA,NA,NA,NA,NA,NA,NA,NA,NA,NA,NA,NA,80,NA,NA,NA,60,NA,NA,NA,60,NA,NA,NA,NA,NA,NA,NA,NA,NA,NA,NA,NA,NA,NA,NA,NA,NA,NA,NA,NA,NA,40,NA,NA,NA,NA,NA,NA,NA,NA,NA,NA,NA,NA,NA,NA,60,NA,NA,NA,NA,NA,NA,NA,NA,NA,NA,NA,NA,NA,NA,NA,NA,NA,NA,40
82,NA,NA,67,NA,NA,NA,NA,NA,NA,NA,NA,NA,NA,NA,NA,NA,NA,NA,NA,NA,NA,NA,80,NA,NA,NA,NA,NA,NA,NA,NA,NA,70,NA,NA,NA,NA,NA,NA,NA,NA,NA,NA,NA,NA,NA,NA,NA,NA,NA,NA,77,NA,NA,NA,NA,NA,NA,NA,NA,NA,NA,NA,NA,NA,NA,NA,NA,NA,NA,NA,NA,NA,100,NA,NA,NA,NA,NA,NA,NA,NA,NA,NA,NA,NA,NA,NA,NA,NA,NA,NA,82
69,NA,NA,NA,70,NA,NA,91,NA,NA,NA,80,NA,100,NA,NA,NA,NA,NA,NA,60,NA,NA,NA,NA,NA,NA,NA,NA,NA,NA,NA,60,50,NA,20,NA,90,80,63,NA,NA,NA,NA,NA,NA,NA,NA,NA,NA,67,NA,64,NA,NA,40,NA,NA,NA,NA,83,NA,NA,NA,NA,NA,NA,70,NA,NA,NA,NA,NA,NA,NA,NA,NA,NA,NA,40,NA,NA,60,NA,NA,60,70,NA,70,NA,60,NA,NA,80
59,NA,NA,NA,NA,NA,NA,67,NA,NA,NA,NA,NA,NA,NA,NA,NA,NA,NA,NA,NA,NA,NA,NA,NA,NA,NA,NA,NA,NA,NA,NA,NA,NA,NA,20,NA,80,NA,63,NA,NA,NA,NA,NA,NA,NA,NA,40,NA,NA,NA,NA,NA,NA,60,NA,NA,NA,NA,67,NA,60,NA,NA,NA,NA,NA,60,NA,NA,80,NA,NA,NA,NA,NA,85,NA,50,NA,NA,NA,NA,NA,NA,NA,NA,30,NA,50,NA,NA,40
55,NA,NA,NA,NA,NA,NA,NA,NA,NA,NA,NA,NA,NA,NA,NA,NA,60,NA,NA,NA,75,NA,NA,NA,NA,NA,NA,NA,NA,NA,NA,NA,40,NA,NA,NA,60,NA,63,NA,NA,NA,NA,NA,40,NA,50,NA,NA,NA,NA,39,NA,NA,NA,NA,NA,NA,80,33,NA,40,NA,NA,NA,NA,60,50,NA,NA,NA,NA,80,NA,NA,70,82,NA,NA,NA,NA,30,50,NA,NA,NA,NA,NA,NA,50,40,NA,70
81,NA,100,78,NA,NA,NA,83,NA,91,NA,80,NA,NA,NA,NA,NA,80,NA,90,NA,NA,60,90,NA,NA,NA,90,NA,80,100,70,NA,80,NA,80,80,70,NA,NA,NA,NA,NA,NA,70,70,NA,NA,NA,NA,NA,78,83,75,NA,60,50,NA,60,80,83,NA,50,NA,93,NA,NA,70,90,NA,70,NA,NA,60,NA,NA,80,NA,NA,70,80,NA,80,NA,NA,90,NA,NA,NA,NA,70,85,NA,82
63,NA,NA,NA,NA,NA,NA,NA,NA,NA,NA,NA,NA,NA,60,NA,NA,NA,NA,NA,NA,NA,NA,NA,NA,NA,NA,NA,NA,NA,NA,NA,NA,50,NA,NA,NA,70,NA,NA,NA,NA,NA,NA,NA,NA,NA,NA,NA,NA,NA,NA,NA,NA,NA,NA,NA,NA,NA,NA,NA,NA,NA,NA,NA,NA,NA,NA,NA,NA,NA,NA,NA,NA,NA,NA,NA,NA,NA,NA,NA,NA,NA,NA,NA,NA,NA,NA,NA,NA,NA,55,NA,76
78,NA,NA,NA,NA,NA,NA,NA,NA,NA,NA,NA,NA,NA,NA,NA,NA,80,NA,NA,NA,NA,NA,90,NA,NA,NA,NA,NA,NA,NA,NA,NA,NA,NA,NA,NA,80,NA,NA,NA,NA,NA,NA,NA,NA,NA,NA,NA,NA,NA,NA,NA,NA,NA,80,60,NA,60,60,NA,NA,NA,NA,NA,NA,NA,80,NA,NA,NA,NA,NA,NA,NA,NA,70,NA,NA,NA,NA,NA,NA,NA,NA,NA,NA,NA,NA,NA,NA,NA,NA,78
65,NA,NA,NA,NA,NA,NA,NA,NA,NA,NA,NA,NA,NA,NA,NA,NA,NA,NA,NA,NA,NA,NA,NA,NA,NA,NA,NA,NA,NA,NA,NA,NA,90,NA,NA,NA,50,NA,NA,NA,NA,80,NA,NA,NA,NA,NA,NA,NA,NA,NA,57,NA,NA,NA,NA,NA,NA,NA,NA,NA,50,NA,NA,NA,NA,NA,NA,NA,NA,NA,NA,NA,NA,NA,NA,NA,NA,NA,NA,NA,NA,NA,NA,NA,NA,NA,NA,NA,NA,40,NA,30
71,NA,NA,NA,70,NA,NA,75,NA,NA,NA,60,NA,80,NA,NA,70,80,NA,NA,70,NA,NA,NA,NA,NA,NA,NA,NA,NA,NA,NA,80,60,NA,NA,NA,70,NA,NA,NA,70,NA,NA,NA,NA,NA,NA,NA,NA,58,NA,75,NA,NA,20,NA,NA,NA,60,58,NA,NA,70,NA,NA,NA,80,NA,NA,60,NA,NA,NA,NA,80,90,NA,NA,NA,NA,83,90,NA,80,NA,NA,NA,NA,NA,40,80,60,70
76,NA,NA,NA,NA,NA,NA,NA,NA,NA,NA,NA,NA,NA,NA,NA,NA,NA,NA,NA,NA,63,NA,NA,NA,NA,NA,NA,NA,NA,NA,70,NA,60,NA,80,NA,70,NA,NA,NA,NA,NA,NA,80,70,NA,NA,NA,NA,NA,72,79,NA,NA,NA,NA,NA,NA,80,75,NA,NA,NA,NA,NA,NA,60,80,NA,87,NA,NA,NA,NA,NA,80,NA,NA,NA,NA,NA,70,80,NA,70,NA,NA,80,NA,70,NA,90,80
72,NA,NA,NA,NA,NA,NA,NA,NA,NA,NA,NA,NA,NA,NA,NA,NA,NA,NA,NA,NA,NA,NA,80,70,NA,NA,NA,NA,NA,NA,NA,NA,NA,NA,NA,NA,60,NA,NA,NA,NA,NA,NA,NA,NA,NA,NA,NA,NA,NA,NA,NA,NA,NA,NA,NA,NA,NA,NA,NA,NA,NA,NA,NA,NA,NA,NA,NA,NA,NA,NA,NA,NA,NA,NA,NA,NA,NA,NA,NA,NA,NA,NA,NA,NA,NA,NA,NA,NA,NA,NA,NA,88
76,NA,NA,89,NA,NA,NA,NA,NA,91,80,70,NA,NA,NA,NA,60,60,NA,NA,NA,88,NA,NA,50,NA,NA,90,NA,90,NA,70,NA,80,NA,60,55,80,NA,NA,NA,NA,NA,NA,60,90,NA,NA,NA,NA,NA,66,82,84,NA,NA,80,NA,NA,60,83,NA,40,NA,84,NA,NA,60,80,NA,70,NA,NA,NA,80,NA,40,NA,NA,NA,80,NA,80,NA,NA,70,NA,80,NA,NA,70,70,NA,76
76,NA,NA,NA,NA,NA,NA,NA,NA,NA,60,80,NA,NA,NA,NA,70,NA,NA,NA,NA,NA,70,80,70,NA,NA,NA,NA,75,NA,NA,NA,70,NA,NA,NA,70,NA,NA,NA,NA,NA,NA,NA,70,NA,NA,NA,NA,NA,64,74,76,NA,NA,50,NA,NA,80,83,NA,NA,NA,NA,NA,NA,80,NA,NA,NA,NA,NA,NA,NA,NA,80,NA,NA,NA,80,NA,NA,80,NA,80,NA,NA,NA,NA,NA,40,70,70
67,NA,NA,NA,NA,NA,NA,NA,NA,NA,NA,60,NA,NA,NA,80,NA,80,NA,70,NA,NA,NA,90,NA,NA,NA,NA,NA,NA,NA,90,NA,60,NA,60,70,50,NA,NA,NA,NA,NA,NA,NA,50,NA,NA,NA,NA,NA,76,70,NA,NA,NA,NA,NA,NA,40,NA,NA,80,NA,NA,NA,NA,70,80,NA,NA,NA,NA,NA,NA,NA,NA,NA,NA,NA,70,NA,80,80,NA,NA,NA,NA,NA,NA,NA,NA,NA,54
79,NA,NA,NA,NA,NA,NA,100,80,75,NA,90,NA,NA,NA,NA,NA,NA,88,NA,NA,NA,NA,NA,NA,80,NA,NA,80,93,NA,70,NA,45,NA,80,85,70,NA,75,NA,NA,70,NA,NA,90,70,NA,NA,NA,NA,NA,86,NA,NA,80,NA,NA,NA,NA,83,NA,80,NA,83,NA,80,NA,70,NA,NA,NA,NA,80,NA,NA,NA,80,NA,80,NA,NA,50,NA,NA,80,NA,NA,90,NA,80,NA,NA,72
67,NA,NA,NA,NA,NA,NA,67,NA,NA,NA,80,NA,NA,NA,NA,NA,60,NA,NA,NA,NA,NA,NA,90,NA,NA,NA,NA,87,NA,NA,NA,50,NA,NA,NA,60,NA,NA,NA,NA,NA,NA,NA,NA,NA,NA,NA,NA,NA,78,NA,NA,NA,NA,NA,80,NA,40,91,NA,60,NA,NA,NA,NA,60,70,NA,NA,NA,NA,70,NA,NA,NA,75,NA,70,NA,NA,50,70,NA,50,NA,NA,NA,NA,60,NA,NA,60
69,NA,NA,NA,NA,NA,NA,NA,NA,NA,NA,NA,NA,NA,NA,NA,NA,NA,NA,NA,NA,NA,NA,NA,70,NA,NA,NA,NA,NA,NA,NA,NA,NA,NA,60,NA,70,NA,NA,NA,NA,NA,NA,NA,NA,NA,NA,NA,NA,NA,NA,NA,NA,NA,NA,NA,NA,NA,NA,NA,NA,NA,NA,NA,NA,NA,NA,NA,NA,NA,NA,NA,NA,NA,NA,NA,NA,NA,NA,NA,NA,60,NA,NA,NA,NA,NA,NA,NA,NA,NA,NA,70
65,NA,NA,NA,NA,NA,NA,NA,NA,NA,NA,50,NA,NA,NA,NA,NA,40,NA,NA,NA,NA,NA,NA,90,NA,NA,NA,NA,88,NA,NA,NA,70,NA,NA,NA,70,NA,NA,NA,NA,NA,NA,NA,NA,NA,NA,NA,NA,NA,76,35,NA,NA,NA,NA,NA,NA,60,50,NA,70,NA,NA,NA,NA,60,NA,NA,NA,NA,NA,NA,60,NA,NA,78,NA,NA,NA,NA,60,NA,80,NA,NA,NA,NA,NA,NA,NA,NA,70
66,NA,NA,NA,70,NA,NA,75,NA,NA,NA,80,NA,NA,NA,NA,NA,NA,NA,NA,NA,NA,NA,NA,60,NA,NA,NA,NA,NA,NA,NA,NA,NA,NA,40,NA,NA,60,NA,NA,NA,NA,NA,NA,NA,NA,NA,NA,NA,NA,NA,NA,NA,NA,NA,NA,NA,NA,NA,NA,NA,NA,NA,NA,NA,NA,80,NA,NA,NA,NA,70,NA,NA,NA,NA,NA,NA,NA,NA,NA,40,NA,NA,NA,70,NA,NA,NA,70,50,NA,40
65,NA,NA,NA,NA,NA,NA,NA,NA,NA,NA,60,NA,NA,NA,NA,NA,NA,NA,NA,NA,NA,NA,80,NA,NA,NA,65,NA,NA,NA,NA,NA,70,NA,60,NA,70,NA,NA,NA,NA,NA,NA,NA,50,NA,NA,NA,NA,NA,NA,60,NA,NA,NA,NA,NA,NA,60,83,NA,NA,NA,NA,NA,NA,60,NA,NA,NA,NA,NA,NA,NA,NA,NA,NA,NA,NA,NA,NA,NA,NA,NA,40,NA,NA,NA,NA,60,45,NA,58
75,NA,NA,NA,NA,NA,NA,NA,NA,NA,NA,NA,NA,NA,80,NA,NA,NA,NA,NA,NA,NA,NA,80,80,NA,NA,NA,NA,NA,NA,NA,NA,80,NA,NA,NA,90,NA,NA,NA,NA,NA,NA,NA,NA,NA,NA,NA,NA,NA,NA,43,NA,NA,100,90,NA,80,NA,NA,NA,NA,NA,NA,40,NA,NA,NA,NA,NA,NA,NA,NA,80,NA,NA,NA,NA,NA,NA,NA,NA,NA,NA,NA,NA,NA,NA,NA,NA,NA,NA,50
80,NA,NA,NA,NA,NA,NA,NA,NA,NA,NA,NA,NA,NA,NA,NA,NA,NA,NA,NA,NA,NA,NA,80,80,NA,NA,NA,NA,90,NA,NA,NA,NA,NA,NA,70,NA,NA,NA,NA,NA,NA,NA,NA,58,NA,NA,NA,NA,NA,NA,72,NA,NA,NA,NA,NA,NA,NA,NA,NA,NA,NA,NA,NA,NA,NA,NA,NA,NA,NA,NA,80,80,NA,NA,NA,NA,NA,NA,NA,NA,NA,NA,NA,NA,90,NA,NA,NA,NA,NA,80
64,NA,NA,NA,NA,NA,NA,67,NA,NA,NA,NA,NA,NA,NA,NA,NA,NA,NA,NA,NA,NA,NA,NA,NA,NA,NA,NA,NA,NA,NA,50,NA,70,NA,NA,NA,50,NA,NA,NA,NA,NA,NA,NA,NA,NA,70,NA,NA,NA,NA,NA,NA,NA,NA,NA,NA,NA,NA,NA,NA,50,NA,NA,NA,NA,NA,NA,NA,NA,NA,NA,NA,NA,NA,80,NA,NA,NA,NA,NA,NA,NA,NA,NA,NA,NA,NA,NA,60,NA,NA,70
81,NA,60,NA,NA,NA,NA,91,NA,NA,NA,70,NA,NA,30,NA,NA,NA,NA,NA,NA,NA,NA,NA,100,NA,NA,NA,NA,80,NA,NA,NA,80,NA,NA,NA,90,NA,NA,NA,NA,NA,NA,NA,60,NA,NA,NA,NA,NA,NA,NA,NA,NA,80,NA,NA,NA,60,83,NA,NA,NA,NA,NA,NA,NA,80,NA,NA,NA,NA,NA,80,NA,90,NA,NA,NA,70,NA,70,NA,NA,NA,NA,NA,80,NA,70,NA,NA,30
70,NA,NA,NA,NA,NA,NA,NA,NA,NA,NA,NA,NA,NA,NA,NA,NA,NA,NA,NA,NA,NA,NA,70,NA,NA,NA,NA,NA,NA,NA,NA,NA,NA,NA,NA,NA,NA,NA,NA,NA,NA,NA,NA,NA,NA,NA,NA,NA,NA,NA,NA,NA,NA,NA,NA,NA,60,NA,NA,NA,NA,NA,NA,NA,NA,NA,NA,NA,NA,NA,NA,NA,NA,80,NA,NA,NA,NA,NA,NA,NA,NA,NA,NA,NA,NA,NA,NA,NA,NA,NA,NA,52
75,NA,NA,50,60,NA,NA,83,NA,NA,NA,NA,NA,NA,NA,NA,NA,NA,NA,NA,NA,NA,NA,NA,70,NA,NA,70,NA,NA,NA,NA,NA,60,NA,40,NA,80,NA,NA,NA,NA,NA,NA,NA,NA,NA,NA,NA,NA,91,86,66,NA,NA,60,NA,NA,NA,NA,91,NA,NA,NA,60,NA,NA,NA,60,NA,62,NA,NA,NA,NA,NA,NA,NA,NA,80,NA,NA,NA,NA,90,NA,80,NA,NA,NA,60,70,85,90
57,NA,NA,NA,NA,NA,NA,83,NA,NA,NA,60,NA,NA,NA,NA,NA,NA,NA,NA,NA,NA,NA,NA,60,NA,NA,NA,NA,NA,NA,30,30,NA,NA,40,NA,90,NA,50,NA,NA,NA,NA,NA,NA,NA,NA,NA,NA,NA,NA,43,NA,NA,NA,NA,NA,NA,60,58,NA,10,NA,39,NA,NA,60,60,NA,20,NA,NA,NA,NA,NA,30,NA,NA,80,NA,NA,60,NA,NA,40,NA,NA,70,NA,70,10,60,40
74,NA,NA,NA,NA,NA,NA,NA,NA,NA,NA,80,NA,NA,NA,NA,NA,NA,NA,NA,NA,NA,NA,60,NA,NA,50,NA,NA,NA,NA,NA,NA,80,NA,NA,NA,80,NA,NA,NA,NA,80,NA,NA,NA,NA,NA,NA,NA,NA,NA,60,NA,NA,80,NA,NA,NA,60,NA,NA,NA,NA,NA,NA,NA,70,NA,NA,NA,NA,NA,80,NA,NA,NA,NA,NA,NA,NA,NA,NA,NA,NA,NA,NA,NA,NA,NA,NA,NA,NA,64
76,NA,NA,NA,70,NA,NA,83,NA,NA,NA,60,NA,60,NA,NA,60,80,NA,60,80,80,NA,NA,NA,NA,NA,NA,NA,NA,NA,70,NA,60,80,60,NA,90,NA,NA,NA,NA,70,NA,NA,NA,NA,NA,NA,NA,NA,91,68,NA,NA,60,NA,NA,NA,40,83,NA,80,NA,60,NA,NA,80,60,NA,73,NA,80,NA,NA,NA,80,NA,NA,80,NA,85,NA,NA,NA,60,80,NA,80,NA,90,80,75,80
65,NA,60,NA,NA,NA,NA,NA,NA,50,NA,50,NA,NA,NA,NA,NA,NA,NA,NA,NA,NA,NA,70,NA,NA,NA,NA,NA,NA,NA,NA,NA,60,NA,NA,65,70,NA,NA,NA,NA,NA,80,NA,50,NA,NA,60,NA,NA,NA,45,NA,50,60,NA,NA,20,80,58,NA,NA,NA,77,NA,NA,60,NA,NA,NA,80,NA,80,NA,NA,50,NA,NA,NA,80,NA,80,NA,NA,50,NA,NA,NA,NA,60,80,NA,90
79,NA,NA,NA,NA,NA,NA,NA,NA,NA,NA,NA,NA,NA,NA,NA,NA,NA,NA,NA,NA,NA,NA,NA,NA,NA,NA,NA,NA,NA,NA,NA,NA,80,NA,NA,NA,70,NA,NA,NA,NA,NA,NA,NA,NA,NA,NA,NA,NA,NA,NA,NA,NA,NA,60,NA,70,NA,NA,NA,NA,NA,NA,NA,100,NA,NA,NA,NA,NA,NA,NA,NA,NA,NA,NA,NA,NA,NA,NA,NA,NA,NA,NA,NA,NA,NA,NA,NA,NA,NA,NA,50
70,NA,NA,NA,NA,NA,NA,NA,NA,NA,NA,70,NA,NA,NA,NA,NA,60,NA,NA,NA,NA,NA,80,NA,NA,NA,60,NA,NA,NA,NA,NA,70,NA,NA,70,70,NA,NA,NA,NA,NA,NA,NA,75,NA,NA,60,NA,NA,NA,66,NA,NA,NA,NA,NA,NA,NA,NA,NA,NA,NA,NA,NA,NA,70,NA,NA,NA,NA,NA,NA,NA,NA,60,NA,NA,NA,60,NA,NA,NA,NA,NA,NA,NA,NA,NA,70,65,NA,94
81,80,NA,NA,NA,NA,NA,NA,NA,NA,NA,90,NA,NA,NA,90,70,NA,NA,NA,NA,NA,NA,80,NA,NA,90,NA,NA,NA,NA,90,NA,70,NA,NA,NA,90,NA,NA,NA,NA,NA,NA,NA,80,NA,NA,NA,NA,NA,NA,85,65,NA,NA,80,NA,NA,NA,NA,NA,NA,NA,NA,NA,NA,NA,80,NA,NA,NA,NA,90,NA,NA,100,NA,NA,NA,NA,NA,80,70,NA,NA,NA,NA,70,NA,70,NA,NA,70
78,NA,NA,NA,NA,NA,NA,NA,NA,NA,NA,NA,NA,NA,NA,NA,90,NA,NA,NA,NA,NA,NA,NA,NA,NA,NA,NA,NA,NA,NA,90,NA,80,NA,NA,NA,NA,NA,NA,NA,NA,80,NA,NA,NA,NA,NA,NA,NA,75,NA,81,NA,NA,NA,NA,NA,NA,60,83,NA,NA,NA,50,NA,NA,80,80,NA,NA,NA,NA,NA,NA,NA,60,NA,NA,NA,NA,74,50,NA,NA,NA,NA,NA,NA,NA,NA,70,75,70
80,NA,NA,NA,80,NA,NA,67,NA,NA,NA,NA,NA,NA,NA,NA,NA,80,NA,90,80,63,NA,NA,NA,NA,NA,NA,NA,NA,NA,NA,NA,70,70,60,NA,80,60,75,NA,NA,70,NA,NA,NA,90,NA,NA,NA,NA,NA,78,NA,NA,NA,NA,NA,NA,NA,83,100,80,NA,80,NA,NA,NA,80,NA,52,NA,NA,NA,NA,NA,80,NA,NA,80,NA,90,NA,NA,NA,NA,80,NA,NA,70,NA,NA,NA,80
88,NA,NA,NA,NA,NA,NA,NA,NA,NA,NA,NA,NA,NA,NA,NA,NA,NA,NA,NA,NA,NA,NA,NA,100,NA,NA,NA,NA,95,NA,NA,NA,NA,NA,NA,65,NA,NA,NA,NA,NA,NA,NA,NA,NA,NA,NA,NA,NA,NA,NA,NA,NA,NA,NA,NA,NA,NA,NA,NA,NA,NA,NA,85,NA,NA,NA,NA,NA,NA,NA,NA,NA,80,NA,NA,NA,NA,NA,60,NA,80,NA,NA,NA,NA,80,NA,NA,NA,NA,NA,86
75,NA,NA,NA,NA,NA,NA,NA,NA,NA,NA,NA,NA,NA,NA,NA,NA,NA,NA,NA,NA,88,NA,NA,80,NA,NA,75,NA,NA,NA,NA,NA,70,NA,NA,NA,60,NA,NA,NA,NA,NA,NA,NA,60,NA,NA,NA,NA,NA,NA,NA,NA,NA,NA,NA,NA,NA,NA,NA,NA,NA,NA,NA,NA,NA,NA,NA,NA,NA,NA,NA,NA,NA,NA,NA,NA,NA,NA,NA,NA,NA,NA,NA,NA,NA,NA,NA,NA,NA,NA,NA,80
89,NA,NA,100,NA,NA,NA,NA,80,83,NA,90,NA,NA,NA,80,NA,80,NA,NA,NA,NA,NA,90,NA,NA,NA,NA,90,83,NA,50,NA,90,NA,100,90,80,NA,88,NA,NA,80,NA,NA,91,90,NA,NA,NA,NA,NA,90,NA,NA,80,80,NA,NA,80,91,NA,100,NA,90,NA,90,NA,80,NA,NA,NA,NA,80,NA,NA,80,NA,NA,NA,80,NA,90,NA,NA,NA,NA,NA,80,NA,80,90,NA,76
65,NA,NA,NA,NA,NA,NA,75,NA,NA,NA,NA,NA,NA,NA,NA,NA,NA,NA,NA,60,NA,NA,NA,70,NA,NA,NA,NA,NA,NA,NA,NA,NA,NA,NA,NA,70,NA,NA,NA,NA,NA,NA,NA,NA,NA,NA,NA,NA,NA,NA,NA,NA,NA,NA,NA,NA,NA,NA,NA,NA,NA,NA,NA,NA,NA,NA,40,NA,NA,NA,NA,NA,NA,NA,NA,NA,NA,NA,NA,NA,70,NA,NA,NA,NA,NA,NA,NA,50,NA,NA,60
56,NA,NA,NA,NA,NA,NA,58,NA,NA,80,NA,NA,NA,NA,NA,NA,NA,NA,NA,NA,NA,NA,NA,NA,NA,NA,NA,NA,75,NA,NA,NA,60,NA,NA,NA,60,NA,NA,NA,NA,NA,NA,NA,NA,NA,70,NA,NA,NA,NA,NA,NA,NA,NA,NA,NA,NA,NA,25,NA,NA,NA,NA,NA,NA,NA,NA,NA,NA,NA,NA,NA,NA,NA,NA,76,NA,NA,NA,NA,NA,NA,NA,NA,NA,NA,NA,NA,40,NA,NA,70
79,NA,NA,NA,NA,90,NA,NA,NA,NA,NA,NA,NA,NA,NA,NA,NA,NA,NA,NA,NA,NA,NA,80,NA,NA,NA,NA,70,NA,NA,NA,NA,70,NA,80,NA,80,NA,NA,NA,NA,NA,NA,NA,70,NA,NA,NA,NA,NA,NA,79,NA,NA,NA,NA,NA,NA,NA,NA,NA,NA,NA,77,NA,NA,NA,NA,NA,NA,NA,NA,NA,NA,NA,NA,NA,NA,NA,NA,NA,NA,NA,NA,NA,NA,NA,80,NA,NA,NA,NA,80
70,NA,NA,NA,NA,NA,NA,NA,NA,NA,NA,NA,NA,NA,NA,NA,90,NA,NA,NA,NA,NA,NA,NA,NA,NA,NA,NA,NA,NA,NA,NA,NA,NA,NA,NA,NA,NA,85,NA,NA,NA,NA,NA,NA,NA,NA,NA,NA,NA,75,90,78,NA,NA,60,NA,NA,NA,60,NA,NA,NA,NA,NA,NA,NA,40,70,NA,71,NA,NA,NA,NA,80,90,NA,NA,NA,NA,NA,70,NA,70,NA,NA,NA,NA,NA,50,70,40,80
83,NA,NA,NA,NA,NA,NA,NA,NA,NA,NA,80,NA,NA,NA,NA,NA,NA,NA,NA,NA,NA,NA,NA,NA,NA,80,NA,NA,NA,NA,NA,NA,NA,NA,NA,NA,70,NA,NA,NA,NA,80,NA,NA,NA,NA,NA,NA,85,NA,NA,77,NA,NA,NA,80,NA,NA,NA,NA,NA,NA,NA,NA,NA,NA,80,NA,NA,78,NA,NA,NA,NA,NA,90,NA,NA,NA,NA,NA,80,90,NA,NA,NA,NA,NA,NA,NA,NA,NA,80
68,NA,NA,NA,NA,NA,NA,NA,NA,NA,NA,NA,NA,NA,NA,NA,NA,NA,NA,NA,NA,NA,NA,NA,60,NA,NA,NA,NA,NA,NA,NA,NA,60,NA,NA,NA,NA,NA,NA,NA,NA,NA,NA,NA,NA,NA,NA,NA,NA,NA,NA,NA,NA,NA,NA,NA,NA,NA,80,NA,NA,NA,NA,NA,NA,NA,NA,NA,NA,NA,NA,NA,NA,NA,NA,NA,NA,NA,NA,NA,NA,NA,NA,NA,NA,NA,NA,NA,NA,NA,NA,NA,60
66,NA,NA,NA,NA,NA,NA,NA,NA,NA,NA,NA,NA,NA,NA,NA,NA,NA,NA,NA,NA,NA,NA,NA,50,NA,NA,NA,NA,NA,NA,NA,NA,60,NA,NA,NA,90,NA,NA,NA,NA,NA,NA,NA,NA,NA,NA,NA,NA,NA,NA,NA,NA,NA,NA,NA,NA,NA,60,NA,NA,NA,NA,NA,NA,NA,NA,NA,NA,NA,NA,NA,NA,NA,NA,NA,NA,NA,NA,NA,NA,NA,NA,NA,NA,NA,NA,NA,NA,NA,NA,NA,60
76,NA,NA,NA,NA,NA,NA,NA,NA,NA,NA,NA,NA,NA,NA,NA,80,NA,NA,80,NA,NA,NA,NA,90,NA,NA,NA,NA,NA,NA,70,NA,90,NA,NA,NA,NA,NA,NA,NA,NA,NA,NA,NA,NA,NA,NA,NA,NA,NA,NA,69,NA,NA,NA,NA,NA,NA,NA,NA,NA,NA,NA,NA,NA,NA,40,NA,NA,81,NA,NA,NA,NA,NA,70,NA,NA,NA,NA,NA,NA,70,80,NA,NA,NA,NA,NA,NA,60,NA,60
84,NA,80,78,NA,NA,NA,NA,NA,NA,80,80,NA,NA,NA,NA,NA,80,NA,NA,NA,NA,NA,NA,NA,NA,NA,NA,NA,NA,NA,NA,NA,80,NA,NA,85,80,NA,NA,NA,NA,NA,NA,NA,75,NA,NA,NA,NA,NA,NA,83,NA,NA,NA,NA,NA,80,80,NA,NA,NA,NA,NA,NA,NA,90,NA,NA,NA,NA,NA,80,NA,NA,80,NA,NA,NA,60,NA,80,NA,NA,80,NA,NA,NA,NA,NA,85,NA,94
85,NA,80,NA,NA,NA,NA,NA,NA,91,NA,80,NA,NA,NA,NA,NA,80,NA,NA,NA,NA,NA,70,NA,NA,NA,NA,NA,NA,NA,90,NA,80,NA,NA,75,80,NA,NA,NA,NA,NA,80,NA,83,NA,80,80,NA,NA,NA,80,NA,85,80,NA,NA,80,80,100,NA,70,NA,77,NA,NA,80,80,NA,NA,NA,NA,80,NA,NA,80,NA,NA,80,80,NA,80,NA,NA,80,NA,80,80,NA,80,90,NA,94
88,NA,NA,NA,NA,NA,NA,NA,NA,NA,NA,NA,NA,NA,NA,NA,NA,NA,NA,NA,NA,NA,NA,NA,NA,NA,NA,NA,NA,NA,NA,NA,NA,NA,NA,NA,NA,90,NA,NA,NA,NA,NA,NA,NA,NA,NA,NA,NA,NA,NA,NA,84,NA,NA,NA,NA,NA,NA,NA,NA,NA,NA,NA,NA,80,NA,NA,80,NA,NA,NA,NA,NA,NA,NA,NA,NA,NA,NA,NA,NA,NA,NA,NA,NA,NA,NA,NA,NA,NA,NA,NA,80
79,NA,NA,NA,NA,NA,NA,NA,NA,NA,80,NA,NA,NA,NA,NA,80,NA,NA,NA,NA,NA,NA,NA,NA,NA,NA,NA,NA,NA,NA,80,NA,NA,NA,NA,NA,80,NA,NA,NA,NA,NA,NA,NA,NA,NA,NA,NA,NA,NA,NA,74,NA,NA,NA,NA,NA,NA,NA,67,NA,NA,NA,82,NA,NA,NA,NA,NA,NA,NA,NA,NA,NA,NA,NA,NA,NA,NA,NA,NA,NA,NA,NA,70,NA,NA,NA,NA,NA,NA,NA,74
77,NA,NA,NA,NA,NA,NA,NA,NA,NA,NA,NA,NA,NA,NA,NA,NA,NA,NA,NA,NA,NA,NA,NA,NA,NA,NA,NA,NA,NA,NA,70,NA,NA,NA,NA,NA,NA,NA,NA,NA,NA,NA,NA,NA,NA,NA,NA,NA,NA,NA,NA,73,NA,NA,NA,NA,NA,NA,NA,NA,NA,NA,NA,NA,NA,NA,NA,NA,NA,NA,NA,NA,NA,NA,NA,NA,NA,NA,NA,NA,NA,NA,NA,NA,NA,NA,NA,NA,NA,NA,NA,85,70
68,NA,NA,NA,NA,NA,NA,NA,NA,NA,NA,70,NA,NA,NA,NA,NA,60,NA,NA,NA,NA,NA,NA,NA,NA,NA,NA,NA,NA,NA,70,NA,70,NA,NA,NA,80,NA,NA,NA,NA,NA,NA,NA,NA,NA,NA,NA,NA,NA,NA,NA,NA,NA,NA,NA,NA,NA,60,NA,NA,NA,NA,NA,NA,NA,60,NA,NA,NA,NA,NA,NA,NA,NA,NA,NA,NA,NA,NA,NA,70,NA,NA,NA,NA,NA,NA,NA,NA,NA,NA,50
68,NA,NA,NA,NA,NA,NA,NA,NA,NA,NA,NA,NA,NA,NA,NA,NA,NA,NA,NA,NA,NA,NA,NA,NA,NA,NA,NA,NA,NA,NA,NA,NA,NA,NA,NA,NA,70,NA,NA,NA,NA,NA,NA,NA,NA,NA,NA,NA,NA,NA,NA,NA,NA,NA,NA,NA,NA,NA,40,NA,NA,NA,NA,NA,70,NA,NA,NA,NA,NA,NA,NA,NA,80,NA,NA,NA,NA,NA,NA,NA,NA,80,NA,NA,NA,NA,NA,NA,NA,NA,NA,60
80,NA,NA,NA,NA,NA,NA,NA,NA,NA,NA,NA,NA,NA,NA,NA,NA,NA,NA,NA,NA,NA,NA,80,NA,NA,NA,NA,NA,NA,NA,NA,NA,NA,NA,NA,NA,80,NA,NA,NA,NA,NA,NA,NA,NA,NA,NA,NA,NA,NA,NA,76,NA,NA,NA,NA,NA,NA,NA,NA,NA,NA,NA,80,NA,NA,NA,NA,NA,NA,NA,NA,NA,NA,NA,NA,NA,NA,NA,NA,NA,NA,NA,NA,NA,NA,90,NA,NA,NA,NA,NA,50
71,NA,NA,NA,NA,NA,NA,NA,NA,NA,NA,80,NA,NA,NA,NA,NA,40,NA,NA,NA,88,NA,NA,NA,NA,NA,NA,NA,NA,NA,NA,NA,NA,NA,60,NA,80,70,NA,NA,NA,NA,NA,NA,NA,NA,NA,NA,NA,NA,NA,78,NA,NA,NA,NA,NA,NA,60,NA,NA,80,NA,NA,NA,NA,60,70,NA,NA,NA,NA,NA,NA,NA,70,NA,NA,NA,NA,NA,80,NA,NA,NA,NA,NA,NA,NA,NA,60,NA,70
86,NA,NA,89,NA,85,NA,83,NA,NA,NA,NA,NA,NA,NA,NA,NA,80,NA,NA,NA,NA,NA,NA,NA,NA,NA,NA,NA,NA,91,NA,NA,90,NA,80,NA,90,NA,88,NA,NA,NA,NA,NA,80,NA,NA,80,NA,NA,NA,NA,NA,NA,NA,NA,NA,NA,NA,91,NA,50,NA,NA,NA,NA,NA,70,NA,NA,NA,NA,NA,NA,NA,NA,NA,NA,80,NA,NA,NA,80,NA,NA,NA,NA,70,NA,70,80,NA,80
85,NA,80,NA,NA,NA,NA,91,NA,91,NA,NA,NA,NA,80,NA,NA,80,75,NA,NA,NA,NA,NA,NA,NA,NA,NA,NA,NA,NA,NA,NA,80,NA,NA,80,80,NA,90,NA,NA,NA,NA,NA,75,NA,80,80,NA,NA,NA,72,NA,80,100,NA,NA,80,80,NA,NA,NA,NA,89,NA,NA,90,60,NA,NA,NA,NA,70,NA,NA,70,NA,NA,90,NA,NA,NA,NA,NA,NA,NA,NA,NA,NA,80,NA,NA,90
56,NA,NA,NA,50,NA,NA,67,NA,NA,NA,NA,NA,NA,NA,NA,NA,NA,NA,NA,NA,37,NA,NA,NA,NA,NA,NA,NA,NA,NA,NA,NA,30,NA,NA,NA,50,50,88,NA,NA,NA,NA,NA,NA,75,NA,NA,NA,NA,NA,39,NA,NA,NA,NA,NA,NA,NA,50,NA,NA,NA,NA,NA,NA,60,60,NA,NA,NA,NA,NA,NA,NA,30,NA,NA,NA,NA,NA,NA,NA,90,NA,80,NA,NA,NA,40,NA,NA,50
78,NA,80,89,NA,NA,NA,NA,NA,75,80,80,NA,NA,NA,NA,80,60,NA,NA,NA,NA,NA,70,70,NA,NA,NA,NA,NA,NA,NA,NA,80,NA,80,NA,80,NA,88,NA,NA,NA,NA,70,67,NA,NA,80,NA,NA,70,86,NA,80,60,70,NA,60,60,83,NA,NA,NA,70,NA,NA,70,80,NA,NA,NA,NA,70,NA,NA,70,NA,NA,NA,80,NA,80,NA,NA,80,NA,NA,NA,NA,80,80,NA,70
59,NA,40,NA,NA,NA,NA,NA,NA,NA,NA,NA,NA,NA,NA,NA,NA,NA,NA,NA,NA,NA,NA,NA,NA,NA,NA,NA,NA,NA,NA,NA,NA,NA,NA,NA,NA,60,NA,NA,NA,NA,NA,NA,NA,NA,NA,NA,NA,NA,NA,NA,NA,NA,NA,NA,NA,NA,NA,60,NA,NA,NA,NA,NA,NA,NA,60,NA,NA,NA,NA,NA,NA,NA,NA,NA,NA,NA,NA,NA,NA,NA,NA,NA,NA,NA,NA,NA,NA,NA,NA,NA,60
80,NA,NA,67,80,NA,NA,NA,NA,NA,NA,NA,NA,80,NA,NA,NA,NA,NA,NA,80,80,NA,NA,NA,NA,NA,NA,NA,NA,NA,NA,80,80,NA,NA,NA,80,NA,NA,NA,NA,NA,NA,NA,NA,NA,NA,NA,NA,83,80,54,NA,NA,60,NA,NA,NA,NA,91,NA,NA,80,NA,NA,NA,NA,80,NA,NA,NA,70,NA,NA,90,70,NA,NA,NA,NA,NA,80,NA,NA,NA,NA,NA,NA,NA,80,60,NA,80
80,NA,NA,NA,NA,NA,NA,NA,NA,NA,NA,NA,NA,NA,NA,NA,NA,NA,NA,NA,NA,NA,NA,NA,NA,NA,NA,80,NA,NA,NA,NA,NA,NA,NA,NA,NA,80,NA,NA,NA,NA,NA,NA,NA,67,NA,NA,NA,NA,NA,NA,NA,NA,NA,NA,NA,NA,NA,NA,NA,NA,NA,NA,NA,NA,NA,NA,NA,NA,NA,NA,NA,NA,NA,NA,NA,NA,NA,NA,NA,NA,NA,NA,NA,NA,NA,NA,NA,NA,NA,NA,NA,80
78,NA,NA,NA,NA,NA,NA,58,80,NA,NA,NA,NA,NA,NA,NA,NA,NA,75,NA,NA,NA,NA,NA,NA,NA,NA,NA,70,85,NA,NA,NA,90,90,80,NA,80,NA,75,NA,NA,50,NA,NA,80,80,NA,80,NA,NA,NA,86,68,NA,20,NA,NA,NA,60,91,NA,90,NA,NA,NA,80,NA,80,NA,79,60,NA,NA,NA,NA,70,NA,NA,80,NA,NA,80,80,NA,80,NA,NA,90,NA,80,NA,70,80
69,NA,NA,NA,NA,NA,NA,NA,NA,NA,NA,90,NA,NA,NA,NA,NA,40,NA,80,NA,NA,NA,NA,90,NA,NA,NA,NA,NA,NA,60,NA,NA,NA,80,NA,80,90,NA,NA,NA,NA,NA,NA,NA,NA,NA,NA,NA,NA,36,68,NA,NA,40,NA,NA,NA,NA,67,NA,NA,NA,NA,NA,NA,60,70,NA,75,NA,NA,NA,NA,NA,90,NA,NA,NA,NA,NA,70,NA,NA,NA,80,NA,NA,NA,NA,50,60,40
77,NA,NA,NA,NA,NA,NA,83,NA,NA,NA,NA,NA,NA,NA,NA,NA,NA,NA,NA,NA,NA,NA,NA,80,NA,NA,NA,NA,81,NA,NA,NA,70,NA,NA,NA,70,NA,NA,NA,NA,NA,NA,NA,NA,NA,NA,NA,NA,NA,NA,NA,NA,NA,NA,NA,NA,NA,NA,NA,NA,NA,NA,NA,80,NA,NA,60,NA,NA,NA,NA,NA,80,NA,NA,NA,NA,NA,NA,NA,NA,NA,NA,NA,NA,NA,NA,NA,NA,NA,NA,30
52,NA,NA,NA,NA,NA,NA,67,NA,NA,NA,NA,NA,NA,NA,NA,NA,NA,25,NA,NA,63,NA,NA,NA,NA,NA,NA,NA,NA,NA,NA,40,40,NA,40,NA,50,40,75,NA,NA,NA,NA,NA,NA,NA,NA,NA,NA,NA,NA,NA,NA,NA,NA,NA,NA,NA,60,50,NA,30,NA,NA,NA,NA,NA,60,NA,NA,NA,NA,NA,NA,NA,40,76,NA,NA,NA,NA,NA,60,NA,NA,40,NA,NA,NA,60,NA,NA,40
60,NA,NA,NA,NA,NA,NA,NA,NA,NA,NA,80,NA,NA,NA,NA,NA,80,NA,NA,NA,NA,NA,NA,NA,NA,NA,60,NA,NA,NA,60,70,60,20,NA,NA,80,NA,NA,NA,NA,NA,NA,NA,NA,NA,NA,NA,NA,58,NA,23,NA,NA,40,NA,NA,NA,40,NA,NA,NA,40,60,NA,NA,80,NA,80,NA,NA,NA,NA,NA,40,90,NA,NA,50,NA,NA,NA,NA,80,NA,NA,NA,NA,NA,50,60,NA,80
74,NA,NA,NA,NA,NA,NA,NA,NA,NA,NA,NA,NA,NA,NA,NA,NA,60,NA,NA,NA,NA,NA,NA,80,NA,NA,NA,NA,NA,NA,NA,NA,80,NA,NA,NA,70,NA,NA,NA,NA,NA,NA,NA,60,NA,NA,NA,NA,NA,NA,NA,NA,NA,NA,NA,80,NA,60,75,NA,NA,NA,NA,NA,NA,NA,NA,NA,NA,NA,NA,NA,80,NA,NA,NA,NA,NA,80,NA,NA,NA,NA,40,NA,NA,NA,NA,NA,NA,NA,70
78,NA,NA,NA,NA,NA,NA,NA,NA,NA,NA,NA,NA,80,NA,NA,70,NA,NA,NA,80,NA,NA,NA,90,NA,NA,NA,NA,NA,NA,NA,60,70,NA,NA,NA,80,80,NA,NA,NA,NA,NA,NA,NA,80,NA,NA,NA,NA,NA,78,NA,NA,60,NA,NA,NA,NA,83,NA,NA,NA,NA,NA,NA,60,70,NA,82,NA,NA,NA,NA,NA,80,NA,NA,NA,NA,NA,80,NA,NA,NA,NA,NA,NA,NA,NA,80,NA,70
86,NA,NA,NA,NA,NA,NA,NA,NA,NA,NA,NA,NA,NA,80,NA,NA,NA,NA,NA,NA,NA,NA,NA,90,NA,NA,NA,NA,95,NA,NA,NA,NA,NA,NA,NA,80,NA,NA,NA,NA,NA,NA,NA,NA,NA,NA,NA,NA,NA,NA,NA,NA,NA,60,80,NA,NA,80,NA,NA,NA,NA,NA,NA,NA,NA,NA,NA,NA,NA,NA,70,100,NA,NA,NA,NA,NA,80,NA,80,NA,NA,NA,NA,NA,NA,NA,NA,NA,NA,80
80,NA,NA,NA,NA,NA,NA,NA,NA,NA,NA,80,NA,NA,90,NA,NA,NA,NA,NA,NA,NA,NA,NA,NA,NA,NA,NA,NA,NA,NA,NA,NA,90,NA,NA,NA,80,NA,NA,NA,NA,NA,NA,NA,67,NA,NA,NA,NA,NA,NA,NA,NA,NA,80,80,NA,60,60,NA,NA,NA,NA,79,NA,NA,70,80,NA,NA,NA,NA,70,100,NA,60,70,NA,80,NA,NA,80,NA,NA,NA,NA,NA,NA,NA,70,NA,NA,80
78,NA,NA,67,NA,NA,NA,NA,NA,75,NA,80,NA,NA,NA,NA,NA,NA,NA,NA,NA,88,80,60,NA,NA,NA,90,NA,NA,NA,NA,NA,70,NA,80,75,90,NA,NA,NA,NA,NA,NA,NA,80,NA,NA,NA,NA,NA,NA,80,80,NA,80,NA,NA,NA,60,58,NA,70,NA,76,NA,NA,80,80,NA,70,NA,NA,NA,NA,NA,70,NA,NA,NA,80,NA,80,80,NA,80,NA,NA,NA,NA,70,70,NA,50
63,NA,NA,NA,NA,NA,NA,NA,NA,NA,NA,NA,NA,NA,NA,NA,50,NA,NA,NA,NA,37,NA,NA,70,NA,NA,NA,NA,NA,NA,60,NA,60,NA,60,NA,80,NA,NA,NA,NA,NA,NA,NA,NA,NA,NA,NA,85,NA,86,68,NA,NA,NA,NA,NA,NA,NA,16,NA,NA,NA,NA,NA,NA,NA,80,NA,NA,NA,NA,NA,NA,NA,NA,NA,NA,NA,NA,NA,NA,NA,80,NA,NA,NA,70,NA,NA,40,NA,70
65,NA,NA,NA,NA,NA,NA,NA,NA,NA,NA,NA,NA,NA,NA,NA,NA,NA,NA,NA,NA,NA,NA,NA,60,NA,NA,NA,NA,73,NA,NA,NA,NA,NA,NA,NA,70,NA,NA,NA,NA,NA,NA,NA,NA,NA,NA,NA,NA,NA,NA,NA,NA,NA,NA,NA,60,NA,60,NA,NA,NA,NA,NA,60,NA,NA,NA,NA,NA,NA,NA,NA,NA,NA,NA,NA,NA,NA,NA,NA,NA,NA,NA,NA,NA,NA,NA,NA,NA,NA,NA,70
66,NA,NA,30,60,NA,NA,42,NA,NA,NA,NA,NA,NA,NA,NA,NA,NA,NA,70,70,75,NA,NA,60,NA,NA,60,NA,NA,NA,NA,NA,70,NA,80,NA,90,NA,63,NA,NA,NA,NA,NA,NA,NA,NA,NA,NA,33,78,52,NA,NA,NA,NA,NA,NA,70,83,NA,80,NA,70,NA,NA,80,30,NA,NA,NA,NA,NA,NA,50,NA,NA,NA,80,NA,82,NA,NA,NA,NA,70,NA,70,NA,50,70,NA,40
82,NA,NA,NA,NA,NA,NA,NA,NA,NA,NA,NA,NA,NA,NA,NA,NA,NA,NA,NA,NA,NA,NA,80,NA,NA,NA,NA,NA,NA,NA,NA,NA,NA,NA,NA,90,80,NA,NA,NA,NA,NA,NA,NA,75,NA,NA,NA,NA,NA,NA,78,NA,NA,NA,NA,70,NA,NA,83,NA,NA,NA,NA,NA,NA,NA,70,NA,NA,NA,NA,NA,80,NA,70,NA,NA,NA,80,NA,NA,NA,NA,50,NA,90,NA,NA,NA,NA,NA,86
89,NA,NA,NA,NA,NA,NA,NA,NA,NA,NA,NA,NA,NA,NA,NA,NA,NA,88,NA,NA,NA,NA,80,90,NA,NA,90,NA,NA,NA,NA,NA,80,NA,NA,90,80,NA,NA,NA,NA,NA,100,NA,NA,NA,NA,NA,NA,NA,NA,82,NA,95,80,NA,80,NA,NA,83,NA,NA,NA,NA,NA,NA,NA,NA,NA,NA,NA,NA,NA,100,NA,80,NA,NA,90,60,NA,NA,NA,NA,NA,NA,NA,NA,NA,NA,NA,NA,70
73,NA,NA,NA,NA,NA,NA,NA,NA,NA,NA,NA,NA,NA,NA,NA,NA,60,NA,NA,NA,NA,NA,70,NA,NA,NA,70,NA,NA,NA,NA,NA,NA,NA,NA,NA,70,NA,NA,NA,NA,NA,NA,NA,NA,NA,NA,60,NA,NA,NA,70,NA,NA,80,NA,NA,NA,NA,NA,NA,NA,NA,NA,NA,NA,80,NA,NA,NA,NA,NA,NA,NA,NA,NA,NA,NA,NA,NA,NA,NA,NA,NA,NA,NA,NA,NA,NA,NA,75,NA,72
79,NA,NA,89,NA,NA,NA,NA,NA,NA,NA,NA,NA,NA,NA,NA,80,NA,NA,NA,NA,NA,NA,NA,NA,NA,NA,NA,NA,85,NA,80,NA,NA,NA,NA,NA,60,NA,NA,NA,NA,NA,NA,80,70,NA,NA,NA,NA,NA,NA,75,76,NA,NA,NA,NA,NA,NA,NA,NA,NA,NA,NA,NA,NA,NA,NA,NA,77,NA,NA,NA,NA,NA,NA,NA,NA,NA,NA,NA,NA,NA,NA,80,NA,NA,NA,NA,NA,50,80,80
74,NA,NA,NA,NA,NA,NA,NA,NA,NA,NA,NA,NA,NA,80,NA,NA,80,NA,NA,NA,NA,NA,NA,NA,NA,NA,NA,NA,NA,NA,NA,NA,NA,NA,NA,NA,70,NA,NA,NA,NA,NA,NA,NA,NA,NA,NA,NA,NA,NA,NA,NA,NA,NA,60,NA,70,NA,60,NA,NA,NA,NA,NA,NA,NA,NA,NA,NA,NA,NA,NA,NA,80,NA,NA,NA,NA,NA,NA,NA,NA,NA,NA,NA,NA,NA,NA,NA,NA,NA,NA,76
71,NA,NA,NA,NA,NA,NA,NA,NA,NA,NA,NA,NA,NA,80,NA,NA,80,NA,NA,NA,NA,NA,NA,NA,NA,NA,NA,NA,NA,NA,NA,NA,50,NA,80,NA,NA,NA,NA,NA,NA,NA,NA,NA,75,NA,NA,NA,NA,NA,NA,NA,NA,NA,80,80,NA,NA,80,NA,NA,NA,NA,NA,NA,NA,70,NA,NA,NA,NA,NA,NA,60,NA,NA,NA,NA,NA,NA,NA,NA,NA,NA,NA,NA,NA,NA,NA,NA,NA,NA,56
80,NA,NA,NA,NA,NA,NA,NA,NA,NA,NA,NA,NA,NA,80,NA,NA,NA,NA,NA,NA,NA,NA,NA,NA,NA,NA,NA,NA,NA,NA,NA,NA,80,NA,NA,NA,90,NA,NA,NA,NA,NA,40,NA,NA,NA,NA,NA,NA,NA,NA,NA,NA,NA,NA,NA,NA,40,NA,NA,NA,NA,NA,NA,NA,NA,NA,NA,NA,NA,NA,NA,NA,80,NA,80,NA,NA,NA,NA,NA,NA,NA,NA,NA,NA,NA,NA,NA,NA,NA,NA,80
68,NA,NA,NA,NA,NA,NA,NA,NA,NA,NA,NA,NA,NA,NA,NA,NA,NA,NA,NA,NA,NA,NA,NA,60,NA,NA,NA,NA,NA,NA,NA,NA,NA,NA,NA,NA,80,NA,NA,NA,NA,NA,NA,NA,NA,NA,NA,NA,NA,NA,NA,NA,NA,NA,NA,NA,NA,NA,NA,58,NA,NA,NA,NA,NA,NA,NA,NA,NA,NA,NA,NA,NA,NA,NA,NA,NA,NA,NA,NA,NA,NA,NA,NA,60,NA,NA,NA,NA,NA,NA,NA,70
79,NA,NA,NA,NA,NA,NA,NA,NA,NA,NA,NA,NA,NA,NA,NA,NA,NA,NA,NA,NA,NA,NA,NA,NA,NA,NA,NA,NA,NA,NA,NA,NA,NA,NA,NA,NA,70,80,NA,NA,NA,NA,NA,NA,NA,NA,NA,NA,NA,NA,NA,NA,NA,NA,80,NA,NA,NA,NA,NA,NA,NA,NA,NA,NA,NA,NA,NA,NA,NA,NA,NA,NA,NA,NA,NA,NA,NA,NA,NA,NA,NA,NA,NA,NA,NA,NA,NA,NA,NA,NA,NA,80
79,NA,60,NA,NA,NA,NA,NA,NA,67,NA,90,NA,NA,NA,NA,NA,60,88,NA,NA,NA,NA,60,NA,NA,80,90,NA,NA,NA,80,NA,NA,NA,NA,80,80,NA,NA,NA,NA,80,NA,NA,67,NA,NA,80,NA,NA,NA,80,NA,NA,60,NA,NA,NA,80,91,NA,80,NA,NA,NA,NA,80,NA,NA,NA,NA,NA,NA,NA,NA,80,NA,NA,90,60,NA,NA,NA,NA,NA,NA,NA,NA,NA,70,60,NA,40
74,NA,NA,NA,NA,NA,NA,NA,NA,NA,NA,NA,NA,NA,70,NA,NA,NA,NA,NA,NA,NA,NA,NA,80,NA,NA,NA,NA,NA,NA,NA,NA,NA,NA,NA,NA,70,NA,NA,NA,NA,NA,NA,NA,NA,NA,NA,80,NA,NA,NA,NA,NA,30,60,NA,NA,NA,60,NA,NA,NA,NA,NA,NA,NA,NA,NA,NA,NA,NA,NA,NA,80,NA,80,NA,NA,NA,NA,NA,80,NA,NA,NA,NA,NA,NA,NA,NA,NA,NA,76
78,NA,NA,NA,NA,NA,NA,NA,NA,NA,NA,NA,NA,NA,NA,NA,NA,NA,NA,NA,NA,NA,NA,70,90,NA,NA,50,NA,83,NA,NA,NA,70,NA,100,75,70,NA,NA,NA,NA,NA,NA,NA,58,NA,NA,NA,NA,NA,NA,80,NA,85,80,NA,NA,NA,NA,91,NA,NA,NA,88,NA,NA,NA,70,NA,50,NA,NA,80,80,NA,NA,NA,NA,NA,80,NA,NA,NA,NA,70,NA,80,NA,NA,70,NA,NA,80
78,NA,NA,NA,NA,NA,NA,NA,NA,NA,NA,70,NA,NA,NA,NA,NA,80,NA,NA,NA,NA,NA,40,NA,NA,NA,NA,NA,NA,NA,NA,NA,NA,NA,NA,NA,80,NA,NA,NA,NA,NA,60,NA,NA,NA,NA,100,NA,NA,NA,71,NA,NA,80,NA,NA,60,80,NA,NA,NA,NA,NA,NA,NA,80,NA,NA,NA,NA,NA,NA,NA,NA,60,NA,NA,NA,NA,NA,NA,NA,NA,70,NA,NA,NA,NA,NA,NA,NA,66
84,NA,80,89,NA,NA,NA,NA,NA,75,NA,90,NA,NA,NA,NA,NA,80,88,NA,NA,NA,NA,70,80,NA,NA,95,NA,NA,91,90,NA,80,NA,80,80,90,NA,75,NA,NA,NA,NA,80,70,NA,NA,60,NA,NA,74,82,NA,NA,80,NA,NA,NA,80,50,NA,80,NA,80,NA,NA,90,80,NA,80,NA,NA,NA,NA,NA,NA,NA,NA,80,NA,NA,80,NA,NA,90,NA,NA,80,NA,80,80,NA,82
76,NA,NA,NA,NA,NA,NA,NA,NA,NA,NA,NA,NA,NA,NA,NA,NA,NA,NA,NA,NA,NA,NA,80,NA,NA,NA,NA,NA,NA,NA,NA,NA,70,NA,NA,80,70,NA,NA,NA,NA,NA,NA,NA,NA,NA,NA,NA,NA,NA,NA,75,NA,70,NA,NA,NA,NA,NA,NA,NA,NA,NA,NA,NA,NA,NA,NA,NA,NA,NA,NA,NA,NA,NA,NA,NA,NA,NA,NA,NA,NA,NA,NA,NA,NA,NA,NA,NA,NA,75,NA,80
61,NA,NA,NA,80,NA,NA,50,NA,NA,NA,40,NA,NA,NA,NA,NA,NA,NA,NA,NA,NA,NA,NA,NA,NA,NA,NA,NA,NA,NA,NA,NA,NA,NA,NA,NA,NA,NA,NA,NA,NA,NA,NA,NA,NA,NA,NA,NA,NA,67,NA,NA,NA,NA,60,NA,NA,NA,NA,NA,NA,NA,NA,NA,NA,NA,NA,NA,NA,NA,NA,NA,NA,NA,NA,NA,NA,NA,NA,NA,NA,NA,NA,NA,NA,NA,NA,NA,NA,NA,NA,NA,60
78,NA,NA,NA,NA,NA,NA,NA,NA,NA,NA,NA,NA,NA,NA,NA,NA,NA,NA,NA,NA,NA,NA,NA,80,NA,NA,NA,NA,NA,NA,NA,NA,NA,NA,NA,NA,70,NA,NA,NA,NA,NA,NA,NA,42,NA,NA,NA,NA,NA,NA,NA,NA,NA,NA,NA,80,NA,NA,NA,NA,NA,NA,NA,NA,NA,NA,NA,NA,NA,NA,NA,NA,80,NA,NA,NA,NA,NA,80,NA,NA,NA,NA,NA,NA,90,NA,NA,NA,NA,NA,98
70,NA,NA,NA,80,NA,NA,83,NA,NA,NA,70,NA,60,NA,NA,NA,80,NA,80,80,75,NA,NA,60,NA,NA,NA,NA,NA,NA,60,80,70,NA,40,NA,70,80,NA,NA,NA,NA,NA,NA,NA,NA,NA,NA,NA,NA,78,73,NA,NA,60,NA,NA,NA,60,67,NA,70,NA,13,NA,NA,60,70,NA,71,NA,NA,NA,NA,NA,60,NA,NA,NA,NA,NA,80,NA,40,70,80,NA,NA,NA,70,70,NA,80
78,NA,NA,NA,NA,NA,NA,NA,NA,NA,NA,NA,NA,NA,NA,NA,80,NA,NA,NA,NA,NA,NA,80,NA,NA,76,80,NA,NA,NA,70,NA,60,NA,NA,NA,NA,NA,NA,NA,NA,80,NA,NA,NA,NA,NA,NA,80,NA,NA,NA,NA,75,NA,NA,NA,NA,NA,NA,NA,NA,NA,NA,NA,NA,NA,NA,NA,NA,NA,NA,NA,NA,NA,70,NA,NA,NA,NA,NA,NA,NA,NA,NA,NA,NA,NA,NA,NA,NA,NA,74
78,NA,NA,50,NA,NA,NA,NA,NA,NA,NA,90,NA,NA,NA,NA,NA,80,NA,80,NA,NA,NA,NA,80,NA,NA,NA,NA,85,NA,60,70,80,NA,80,NA,70,80,NA,NA,NA,NA,NA,NA,NA,NA,70,NA,NA,NA,NA,76,NA,NA,80,NA,80,NA,60,91,NA,80,NA,NA,NA,NA,80,NA,NA,78,NA,NA,80,NA,NA,70,72,NA,NA,NA,NA,80,80,NA,80,NA,NA,NA,NA,NA,60,60,90
72,NA,NA,NA,NA,NA,NA,NA,NA,NA,NA,NA,NA,NA,NA,NA,50,80,NA,NA,NA,NA,NA,NA,80,NA,NA,NA,NA,NA,NA,80,NA,80,NA,60,NA,80,NA,NA,NA,NA,NA,NA,NA,NA,NA,NA,NA,NA,NA,84,73,NA,NA,NA,NA,NA,NA,60,67,NA,40,NA,69,NA,NA,NA,70,NA,NA,NA,NA,NA,NA,NA,70,NA,NA,NA,NA,70,NA,NA,NA,50,NA,NA,NA,NA,NA,60,NA,50
78,NA,NA,89,NA,NA,NA,NA,NA,75,NA,80,NA,NA,NA,NA,NA,NA,NA,NA,NA,NA,NA,NA,NA,NA,NA,NA,NA,NA,NA,NA,NA,80,NA,80,85,80,NA,NA,NA,NA,NA,NA,80,NA,NA,NA,NA,NA,NA,NA,50,NA,70,60,NA,NA,NA,80,NA,NA,NA,NA,NA,NA,NA,80,NA,NA,NA,NA,NA,80,NA,NA,60,NA,NA,NA,80,NA,70,NA,NA,60,NA,NA,80,NA,70,NA,NA,76
79,NA,NA,NA,NA,NA,NA,NA,NA,NA,NA,NA,NA,NA,70,NA,NA,NA,NA,NA,NA,NA,NA,NA,NA,NA,NA,NA,NA,NA,NA,NA,NA,70,NA,NA,NA,NA,NA,NA,NA,NA,NA,NA,NA,NA,NA,NA,NA,NA,NA,NA,NA,NA,NA,NA,NA,NA,NA,80,NA,NA,NA,NA,NA,NA,NA,NA,NA,NA,NA,NA,NA,NA,80,NA,NA,NA,NA,NA,NA,NA,NA,NA,NA,NA,NA,NA,NA,NA,NA,NA,NA,80
84,NA,NA,89,NA,NA,NA,NA,NA,NA,NA,NA,NA,NA,NA,NA,NA,NA,NA,NA,80,NA,NA,NA,NA,NA,NA,NA,NA,NA,NA,NA,NA,80,NA,NA,NA,NA,NA,88,NA,NA,NA,NA,NA,NA,85,NA,NA,NA,NA,NA,79,NA,NA,NA,NA,NA,NA,NA,NA,NA,NA,NA,NA,NA,NA,NA,70,NA,75,NA,NA,NA,NA,NA,NA,NA,NA,NA,NA,NA,NA,NA,NA,NA,NA,NA,NA,80,70,NA,NA,80
71,NA,NA,40,NA,NA,NA,75,NA,NA,NA,NA,NA,NA,NA,NA,NA,NA,NA,NA,NA,NA,NA,NA,NA,NA,NA,NA,NA,NA,NA,NA,NA,70,NA,60,NA,70,NA,NA,NA,NA,80,NA,NA,NA,90,NA,NA,NA,67,NA,NA,NA,NA,NA,NA,NA,NA,50,NA,NA,NA,NA,NA,NA,NA,NA,NA,NA,NA,NA,80,NA,NA,NA,NA,NA,NA,80,NA,NA,NA,NA,NA,NA,70,NA,80,NA,70,NA,NA,80
72,NA,60,NA,NA,NA,NA,NA,NA,NA,NA,70,NA,NA,NA,NA,NA,60,NA,NA,NA,NA,NA,NA,NA,NA,NA,NA,NA,NA,NA,NA,NA,70,NA,NA,NA,80,NA,NA,NA,NA,NA,40,NA,42,NA,NA,NA,NA,NA,NA,66,NA,70,80,NA,NA,NA,60,83,NA,NA,NA,NA,NA,NA,80,NA,NA,NA,NA,NA,80,NA,NA,70,NA,NA,NA,80,NA,80,NA,NA,NA,NA,NA,NA,NA,NA,70,NA,70
79,NA,60,NA,NA,NA,NA,NA,NA,75,NA,70,NA,NA,NA,NA,NA,80,NA,NA,NA,NA,NA,70,NA,NA,NA,NA,NA,80,NA,60,NA,80,NA,NA,NA,80,NA,NA,NA,NA,NA,NA,NA,91,NA,NA,NA,NA,NA,NA,60,NA,55,60,NA,NA,NA,80,91,NA,70,NA,84,NA,NA,90,80,NA,NA,NA,NA,NA,NA,NA,80,NA,NA,NA,NA,NA,NA,NA,NA,NA,NA,NA,NA,NA,NA,45,NA,76
82,NA,NA,NA,NA,NA,NA,NA,NA,NA,NA,NA,NA,NA,NA,NA,NA,NA,NA,NA,NA,NA,NA,NA,80,NA,NA,NA,NA,NA,NA,NA,NA,NA,NA,NA,NA,NA,NA,NA,NA,NA,NA,NA,NA,NA,NA,NA,NA,NA,NA,NA,NA,NA,NA,NA,NA,70,NA,NA,NA,NA,NA,NA,NA,NA,NA,80,NA,NA,NA,NA,NA,NA,NA,NA,NA,NA,NA,NA,NA,NA,NA,NA,NA,NA,NA,NA,NA,NA,NA,NA,NA,80
80,NA,60,NA,NA,NA,NA,83,NA,NA,90,90,NA,NA,NA,70,70,80,NA,80,NA,50,80,80,NA,NA,80,NA,NA,NA,NA,80,NA,80,NA,80,NA,80,NA,NA,NA,NA,NA,NA,70,70,NA,NA,70,90,NA,82,85,78,NA,80,80,NA,NA,80,91,NA,70,NA,NA,NA,NA,70,70,NA,86,NA,NA,80,NA,NA,70,NA,NA,70,80,NA,NA,80,NA,80,NA,NA,80,NA,60,50,80,90
76,NA,NA,67,80,NA,NA,NA,NA,NA,NA,80,NA,NA,NA,NA,70,80,NA,80,NA,NA,NA,NA,NA,NA,NA,NA,NA,NA,NA,70,NA,60,70,60,NA,80,80,NA,NA,NA,NA,NA,NA,NA,NA,NA,NA,NA,NA,NA,74,NA,NA,60,NA,NA,NA,80,91,NA,70,NA,NA,NA,NA,60,70,NA,68,NA,NA,NA,NA,NA,80,NA,NA,NA,NA,NA,NA,NA,NA,80,80,NA,NA,NA,70,80,70,60
61,NA,NA,40,NA,NA,NA,NA,NA,NA,NA,60,NA,60,NA,NA,NA,60,NA,NA,60,NA,NA,NA,NA,NA,NA,NA,NA,NA,NA,NA,50,50,NA,NA,NA,60,NA,NA,NA,NA,NA,NA,NA,NA,NA,NA,NA,NA,NA,NA,64,NA,NA,60,60,NA,NA,80,NA,NA,NA,NA,NA,NA,NA,60,NA,NA,NA,NA,NA,NA,NA,NA,NA,NA,NA,NA,NA,NA,80,80,40,NA,NA,NA,NA,NA,60,80,NA,60
81,NA,80,NA,NA,NA,NA,NA,NA,67,NA,NA,NA,NA,NA,NA,NA,NA,NA,NA,NA,NA,NA,80,NA,NA,NA,NA,NA,NA,NA,NA,NA,NA,NA,NA,90,80,NA,NA,NA,NA,NA,NA,NA,83,NA,NA,NA,NA,NA,NA,81,NA,NA,80,NA,NA,NA,60,83,NA,80,NA,87,NA,NA,80,80,NA,NA,NA,NA,80,NA,NA,NA,NA,NA,80,NA,NA,80,NA,NA,NA,NA,NA,NA,NA,70,NA,NA,58
61,NA,NA,NA,80,NA,NA,NA,NA,NA,NA,60,NA,NA,NA,NA,NA,NA,NA,NA,40,NA,NA,NA,NA,NA,NA,60,NA,NA,NA,NA,70,50,NA,NA,NA,60,75,75,NA,NA,NA,NA,NA,NA,NA,NA,NA,NA,NA,58,45,NA,NA,60,NA,NA,NA,NA,83,NA,NA,NA,NA,NA,NA,NA,50,NA,40,NA,NA,NA,NA,NA,NA,NA,NA,NA,NA,45,50,NA,NA,NA,NA,NA,NA,NA,NA,50,NA,70
82,NA,NA,67,NA,NA,NA,100,NA,NA,NA,80,NA,NA,NA,NA,NA,NA,NA,NA,80,NA,NA,NA,60,NA,NA,NA,NA,NA,NA,80,70,80,NA,80,NA,80,NA,NA,NA,NA,NA,NA,NA,NA,NA,NA,NA,NA,NA,NA,83,NA,NA,NA,NA,NA,NA,60,100,83,NA,NA,79,NA,NA,80,80,NA,NA,NA,NA,NA,NA,NA,70,NA,NA,NA,NA,NA,90,NA,NA,NA,NA,NA,NA,NA,80,NA,80,80
71,NA,NA,NA,NA,NA,NA,NA,NA,NA,NA,NA,NA,NA,NA,NA,NA,NA,NA,NA,NA,NA,NA,70,90,NA,NA,NA,NA,NA,NA,NA,NA,50,NA,NA,NA,80,NA,NA,NA,NA,NA,NA,NA,NA,NA,NA,NA,NA,NA,NA,50,NA,NA,NA,50,NA,NA,NA,NA,NA,NA,NA,NA,NA,NA,NA,NA,NA,NA,NA,NA,NA,80,NA,NA,NA,NA,NA,NA,NA,NA,NA,NA,NA,NA,70,NA,NA,NA,NA,NA,60
70,NA,80,NA,NA,NA,NA,42,80,83,NA,NA,NA,NA,NA,NA,NA,NA,NA,NA,NA,NA,NA,60,NA,70,NA,NA,70,68,NA,NA,NA,80,NA,60,NA,70,NA,NA,NA,NA,NA,NA,NA,75,65,NA,NA,NA,NA,NA,70,NA,70,NA,NA,NA,NA,60,NA,NA,NA,NA,NA,NA,NA,NA,70,NA,NA,NA,NA,60,NA,NA,NA,60,70,NA,NA,NA,80,NA,NA,NA,NA,NA,50,NA,70,NA,NA,70
75,NA,NA,NA,NA,NA,NA,NA,NA,NA,NA,80,NA,NA,NA,NA,60,60,NA,NA,NA,NA,NA,NA,NA,NA,NA,NA,NA,NA,NA,NA,NA,90,NA,NA,NA,70,NA,NA,NA,NA,NA,NA,NA,NA,NA,NA,NA,NA,NA,NA,57,NA,NA,60,NA,NA,NA,80,NA,NA,NA,NA,NA,NA,NA,80,NA,NA,NA,NA,NA,NA,NA,NA,70,NA,NA,NA,NA,NA,NA,NA,80,NA,NA,NA,NA,NA,NA,NA,80,70
72,NA,NA,NA,NA,NA,NA,NA,NA,NA,NA,NA,NA,NA,NA,NA,80,NA,NA,NA,NA,NA,NA,NA,NA,NA,NA,NA,NA,NA,NA,NA,NA,70,NA,NA,NA,NA,NA,NA,NA,NA,NA,NA,NA,NA,NA,NA,NA,NA,NA,NA,70,NA,NA,NA,NA,NA,NA,NA,NA,NA,NA,NA,NA,NA,NA,60,NA,NA,NA,NA,NA,NA,NA,NA,NA,NA,NA,NA,NA,NA,NA,NA,NA,NA,NA,NA,NA,NA,NA,NA,70,70
54,NA,NA,NA,NA,NA,NA,NA,NA,NA,NA,NA,NA,NA,NA,NA,NA,NA,NA,80,NA,NA,NA,NA,NA,NA,NA,NA,NA,NA,NA,NA,NA,40,NA,NA,NA,NA,NA,NA,NA,NA,NA,NA,NA,NA,NA,NA,NA,NA,NA,NA,NA,NA,NA,NA,NA,NA,NA,NA,NA,NA,NA,NA,NA,NA,NA,NA,NA,NA,70,NA,NA,NA,NA,NA,NA,NA,NA,NA,NA,NA,NA,NA,NA,NA,NA,NA,NA,NA,NA,NA,NA,50
74,NA,60,NA,NA,NA,NA,NA,NA,NA,NA,80,NA,NA,NA,60,NA,80,NA,NA,NA,NA,NA,NA,NA,NA,NA,70,NA,NA,NA,NA,NA,70,NA,NA,NA,70,NA,NA,60,NA,NA,NA,NA,70,NA,NA,60,NA,NA,NA,75,74,NA,NA,80,NA,NA,80,NA,NA,NA,NA,NA,NA,NA,NA,NA,NA,NA,NA,NA,60,NA,NA,80,NA,NA,NA,80,NA,80,80,NA,70,NA,NA,NA,NA,NA,70,NA,50
64,NA,NA,NA,NA,NA,NA,NA,NA,NA,NA,NA,NA,NA,NA,NA,NA,NA,NA,NA,NA,NA,NA,NA,70,NA,NA,NA,NA,NA,NA,NA,NA,NA,NA,NA,NA,60,NA,NA,NA,NA,NA,NA,NA,NA,NA,NA,NA,NA,NA,NA,NA,NA,NA,40,NA,NA,NA,NA,NA,NA,NA,NA,NA,NA,NA,NA,NA,NA,NA,NA,NA,NA,80,NA,NA,NA,NA,NA,NA,NA,NA,NA,NA,NA,NA,NA,NA,NA,NA,NA,NA,40
73,NA,NA,NA,NA,NA,NA,91,NA,NA,NA,80,NA,NA,NA,NA,NA,NA,75,NA,NA,NA,NA,NA,NA,NA,NA,NA,NA,NA,NA,NA,NA,NA,NA,80,NA,70,NA,75,NA,NA,NA,NA,NA,70,NA,NA,80,NA,NA,NA,65,NA,NA,NA,NA,NA,NA,60,67,NA,40,NA,NA,NA,NA,NA,70,NA,NA,NA,NA,NA,NA,NA,NA,NA,NA,80,NA,NA,60,80,NA,NA,NA,NA,NA,NA,70,NA,NA,70
81,NA,NA,NA,NA,NA,NA,NA,NA,NA,NA,NA,NA,NA,NA,NA,NA,NA,NA,NA,NA,NA,NA,90,NA,NA,NA,NA,NA,NA,NA,NA,NA,NA,NA,NA,NA,80,NA,NA,NA,NA,NA,NA,NA,NA,NA,NA,NA,NA,NA,NA,71,NA,NA,NA,NA,NA,NA,NA,NA,NA,NA,NA,NA,NA,NA,NA,NA,NA,NA,NA,NA,NA,NA,NA,NA,NA,NA,NA,NA,NA,NA,NA,NA,90,NA,NA,NA,NA,NA,NA,NA,80
84,NA,NA,NA,NA,NA,NA,91,80,100,NA,90,NA,NA,NA,100,NA,80,75,100,NA,NA,80,90,NA,80,NA,NA,90,100,NA,70,NA,70,NA,80,80,80,NA,88,80,NA,50,NA,NA,100,70,NA,80,NA,NA,NA,95,88,NA,80,90,NA,NA,80,91,NA,60,NA,72,NA,NA,70,80,NA,30,100,NA,70,NA,NA,70,88,NA,NA,80,NA,90,NA,NA,70,NA,NA,70,NA,90,NA,NA,74
81,NA,NA,NA,NA,NA,NA,NA,NA,NA,NA,80,NA,NA,NA,NA,80,80,NA,NA,NA,NA,NA,NA,70,NA,NA,NA,NA,NA,91,70,80,80,NA,80,NA,80,NA,NA,60,NA,NA,NA,80,90,NA,NA,80,NA,NA,NA,81,82,NA,80,30,80,NA,80,75,NA,90,NA,89,NA,NA,60,NA,NA,62,NA,NA,70,NA,NA,40,NA,NA,NA,NA,NA,80,80,NA,70,NA,NA,90,NA,80,70,80,70
74,NA,NA,NA,NA,NA,NA,NA,NA,NA,NA,NA,NA,NA,NA,NA,NA,NA,NA,NA,NA,NA,NA,NA,80,NA,NA,NA,NA,NA,NA,NA,NA,NA,NA,NA,NA,80,NA,NA,NA,NA,NA,NA,NA,NA,NA,NA,NA,NA,NA,NA,NA,NA,NA,NA,NA,NA,NA,NA,50,NA,NA,NA,NA,NA,NA,NA,NA,NA,NA,NA,NA,NA,NA,NA,NA,NA,NA,NA,NA,NA,NA,NA,NA,NA,NA,NA,NA,NA,NA,NA,NA,84
